{
  "task": "Robust04InstructionRetrieval",
  "p-MRR": -0.04865696085472748,
  "original": {
    "ndcg_at_1": 0.39423,
    "ndcg_at_3": 0.35593,
    "ndcg_at_5": 0.34272,
    "ndcg_at_10": 0.32109,
    "ndcg_at_100": 0.37404,
    "ndcg_at_1000": 0.57763,
    "map_at_1": 0.02924,
    "map_at_3": 0.05908,
    "map_at_5": 0.0794,
    "map_at_10": 0.10683,
    "map_at_100": 0.18587,
    "map_at_1000": 0.22593,
    "recall_at_1": 0.02924,
    "recall_at_3": 0.0658,
    "recall_at_5": 0.09978,
    "recall_at_10": 0.15261,
    "recall_at_100": 0.46038,
    "recall_at_1000": 1.0,
    "accuracy": 0.02924,
    "precision_at_1": 0.51923,
    "precision_at_3": 0.4359,
    "precision_at_5": 0.39231,
    "precision_at_10": 0.32692,
    "precision_at_100": 0.12365,
    "precision_at_1000": 0.03369,
    "mrr_at_1_max": 0.0032499053676498125,
    "mrr_at_1_std": -0.03671934668454442,
    "mrr_at_1_diff1": -0.0458643075427993,
    "mrr_at_3_max": -0.11879274312096089,
    "mrr_at_3_std": -0.14852584442362854,
    "mrr_at_3_diff1": -0.05432050488906825,
    "mrr_at_5_max": -0.15674483179349588,
    "mrr_at_5_std": -0.13249068721608,
    "mrr_at_5_diff1": -0.06973538585495684,
    "mrr_at_10_max": -0.11652826197079759,
    "mrr_at_10_std": -0.1044928699173466,
    "mrr_at_10_diff1": -0.02497990289958436,
    "mrr_at_100_max": -0.12688779336108413,
    "mrr_at_100_std": -0.09994483677732814,
    "mrr_at_100_diff1": -0.01826395471519065,
    "mrr_at_1000_max": -0.14373111426497953,
    "mrr_at_1000_std": -0.10963305314580943,
    "mrr_at_1000_diff1": -0.16447234008878822,
    "mrr_at_1": 0.5192307692307693,
    "mrr_at_3": 0.6057692307692307,
    "mrr_at_5": 0.6288461538461537,
    "mrr_at_10": 0.6402930402930402,
    "mrr_at_100": 0.6462076375240223,
    "mrr_at_1000": 0.6462076375240223,
    "nauc_mrr_at_1_max": 0.0032499053676498125,
    "nauc_mrr_at_1_std": -0.03671934668454442,
    "nauc_mrr_at_1_diff1": -0.0458643075427993,
    "nauc_mrr_at_3_max": -0.09807380433911742,
    "nauc_mrr_at_3_std": -0.15410251926494628,
    "nauc_mrr_at_3_diff1": -0.11098949683283535,
    "nauc_mrr_at_5_max": -0.10022596621013777,
    "nauc_mrr_at_5_std": -0.14625747432991879,
    "nauc_mrr_at_5_diff1": -0.11777135717208732,
    "nauc_mrr_at_10_max": -0.06556572045352767,
    "nauc_mrr_at_10_std": -0.10985740718773562,
    "nauc_mrr_at_10_diff1": -0.08177959381670721,
    "nauc_mrr_at_100_max": -0.06802042347584016,
    "nauc_mrr_at_100_std": -0.11373680313445463,
    "nauc_mrr_at_100_diff1": -0.08194561467673621,
    "nauc_mrr_at_1000_max": -0.06802042347584016,
    "nauc_mrr_at_1000_std": -0.11373680313445463,
    "nauc_mrr_at_1000_diff1": -0.08194561467673621,
    "cv_recall_at_1": 0.51923,
    "cv_recall_at_3": 0.71154,
    "cv_recall_at_5": 0.80769,
    "cv_recall_at_10": 0.88462,
    "cv_recall_at_100": 1.0,
    "cv_recall_at_1000": 1.0
  },
  "changed": {
    "ndcg_at_1": 0.24038,
    "ndcg_at_3": 0.23161,
    "ndcg_at_5": 0.23165,
    "ndcg_at_10": 0.22978,
    "ndcg_at_100": 0.32685,
    "ndcg_at_1000": 0.49349,
    "map_at_1": 0.03864,
    "map_at_3": 0.07316,
    "map_at_5": 0.08981,
    "map_at_10": 0.10822,
    "map_at_100": 0.1611,
    "map_at_1000": 0.18601,
    "recall_at_1": 0.03864,
    "recall_at_3": 0.09167,
    "recall_at_5": 0.12654,
    "recall_at_10": 0.17353,
    "recall_at_100": 0.47704,
    "recall_at_1000": 1.0,
    "accuracy": 0.03864,
    "precision_at_1": 0.28846,
    "precision_at_3": 0.26923,
    "precision_at_5": 0.25,
    "precision_at_10": 0.19808,
    "precision_at_100": 0.07462,
    "precision_at_1000": 0.01981,
    "mrr_at_1_max": -0.056268560125486956,
    "mrr_at_1_std": -0.09451073915591622,
    "mrr_at_1_diff1": 0.19959274064971083,
    "mrr_at_3_max": 0.10934083887305505,
    "mrr_at_3_std": 0.09382958735571444,
    "mrr_at_3_diff1": 0.18816424809107463,
    "mrr_at_5_max": -0.014099298567598992,
    "mrr_at_5_std": 0.012216292592502627,
    "mrr_at_5_diff1": 0.12891410781072468,
    "mrr_at_10_max": -0.0435001132315487,
    "mrr_at_10_std": -0.035799979667976094,
    "mrr_at_10_diff1": 0.12598783285677367,
    "mrr_at_100_max": -0.04795153198198664,
    "mrr_at_100_std": -0.02086853093461286,
    "mrr_at_100_diff1": 0.09944418935940702,
    "mrr_at_1000_max": -0.17880034094883676,
    "mrr_at_1000_std": -0.16030553861615826,
    "mrr_at_1000_diff1": -0.050724918352292,
    "mrr_at_1": 0.28846153846153844,
    "mrr_at_3": 0.38461538461538464,
    "mrr_at_5": 0.4153846153846154,
    "mrr_at_10": 0.4256639194139194,
    "mrr_at_100": 0.4362810818142288,
    "mrr_at_1000": 0.4362810818142288,
    "nauc_mrr_at_1_max": -0.056268560125486956,
    "nauc_mrr_at_1_std": -0.09451073915591622,
    "nauc_mrr_at_1_diff1": 0.19959274064971083,
    "nauc_mrr_at_3_max": -0.0238380743288932,
    "nauc_mrr_at_3_std": -0.036574954002914425,
    "nauc_mrr_at_3_diff1": 0.19768109480958443,
    "nauc_mrr_at_5_max": -0.04180371200965104,
    "nauc_mrr_at_5_std": -0.0448825891393021,
    "nauc_mrr_at_5_diff1": 0.20681571972074653,
    "nauc_mrr_at_10_max": -0.03353387510917604,
    "nauc_mrr_at_10_std": -0.03768479504038243,
    "nauc_mrr_at_10_diff1": 0.21488430402567457,
    "nauc_mrr_at_100_max": -0.040696388620805476,
    "nauc_mrr_at_100_std": -0.046141841788440725,
    "nauc_mrr_at_100_diff1": 0.20681482426744394,
    "nauc_mrr_at_1000_max": -0.040696388620805476,
    "nauc_mrr_at_1000_std": -0.046141841788440725,
    "nauc_mrr_at_1000_diff1": 0.20681482426744394,
    "cv_recall_at_1": 0.28846,
    "cv_recall_at_3": 0.51923,
    "cv_recall_at_5": 0.65385,
    "cv_recall_at_10": 0.73077,
    "cv_recall_at_100": 1.0,
    "cv_recall_at_1000": 1.0
  }
}