{
  "task": "Robust04InstructionRetrieval",
  "p-MRR": -0.0501862829214813,
  "original": {
    "ndcg_at_1": 0.33654,
    "ndcg_at_3": 0.34849,
    "ndcg_at_5": 0.32546,
    "ndcg_at_10": 0.30891,
    "ndcg_at_100": 0.37801,
    "ndcg_at_1000": 0.57768,
    "map_at_1": 0.03096,
    "map_at_3": 0.0632,
    "map_at_5": 0.07828,
    "map_at_10": 0.10766,
    "map_at_100": 0.19087,
    "map_at_1000": 0.23041,
    "recall_at_1": 0.03096,
    "recall_at_3": 0.07309,
    "recall_at_5": 0.10116,
    "recall_at_10": 0.15329,
    "recall_at_100": 0.47243,
    "recall_at_1000": 1.0,
    "accuracy": 0.03096,
    "precision_at_1": 0.46154,
    "precision_at_3": 0.44872,
    "precision_at_5": 0.38846,
    "precision_at_10": 0.31538,
    "precision_at_100": 0.12673,
    "precision_at_1000": 0.03369,
    "mrr_at_1_max": 0.12522618258029236,
    "mrr_at_1_std": 0.06791334432521556,
    "mrr_at_1_diff1": 0.3404802364432873,
    "mrr_at_3_max": -0.07552040826613599,
    "mrr_at_3_std": -0.10401038434488312,
    "mrr_at_3_diff1": 0.1458262877794682,
    "mrr_at_5_max": -0.16955224088680582,
    "mrr_at_5_std": -0.19318674831306368,
    "mrr_at_5_diff1": 0.06297071412605329,
    "mrr_at_10_max": -0.15502290050896717,
    "mrr_at_10_std": -0.187328176827072,
    "mrr_at_10_diff1": -0.0257037436825314,
    "mrr_at_100_max": -0.1158488713673236,
    "mrr_at_100_std": -0.1035433704700761,
    "mrr_at_100_diff1": -0.10802627336014463,
    "mrr_at_1000_max": -0.1494243150663758,
    "mrr_at_1000_std": -0.10715626364640189,
    "mrr_at_1000_diff1": -0.1603115244495193,
    "mrr_at_1": 0.46153846153846156,
    "mrr_at_3": 0.5897435897435896,
    "mrr_at_5": 0.6060897435897435,
    "mrr_at_10": 0.6139652014652014,
    "mrr_at_100": 0.6209594814349846,
    "mrr_at_1000": 0.6209594814349846,
    "nauc_mrr_at_1_max": 0.12522618258029236,
    "nauc_mrr_at_1_std": 0.06791334432521556,
    "nauc_mrr_at_1_diff1": 0.3404802364432873,
    "nauc_mrr_at_3_max": 0.04616629926517074,
    "nauc_mrr_at_3_std": 0.0028328860947878917,
    "nauc_mrr_at_3_diff1": 0.26229818954016926,
    "nauc_mrr_at_5_max": 0.04909263177377282,
    "nauc_mrr_at_5_std": 0.006490682959130775,
    "nauc_mrr_at_5_diff1": 0.25979697093601967,
    "nauc_mrr_at_10_max": 0.048530500264525545,
    "nauc_mrr_at_10_std": 0.0065637910250959984,
    "nauc_mrr_at_10_diff1": 0.2667525816590125,
    "nauc_mrr_at_100_max": 0.06327096366816545,
    "nauc_mrr_at_100_std": 0.022749582798102137,
    "nauc_mrr_at_100_diff1": 0.27456668986107297,
    "nauc_mrr_at_1000_max": 0.06327096366816545,
    "nauc_mrr_at_1000_std": 0.022749582798102137,
    "nauc_mrr_at_1000_diff1": 0.27456668986107297,
    "cv_recall_at_1": 0.46154,
    "cv_recall_at_3": 0.75,
    "cv_recall_at_5": 0.82692,
    "cv_recall_at_10": 0.88462,
    "cv_recall_at_100": 1.0,
    "cv_recall_at_1000": 1.0
  },
  "changed": {
    "ndcg_at_1": 0.30769,
    "ndcg_at_3": 0.24828,
    "ndcg_at_5": 0.24116,
    "ndcg_at_10": 0.23189,
    "ndcg_at_100": 0.34006,
    "ndcg_at_1000": 0.50464,
    "map_at_1": 0.05386,
    "map_at_3": 0.07905,
    "map_at_5": 0.09757,
    "map_at_10": 0.11579,
    "map_at_100": 0.17375,
    "map_at_1000": 0.1982,
    "recall_at_1": 0.05386,
    "recall_at_3": 0.08793,
    "recall_at_5": 0.12385,
    "recall_at_10": 0.16396,
    "recall_at_100": 0.47941,
    "recall_at_1000": 1.0,
    "accuracy": 0.05386,
    "precision_at_1": 0.36538,
    "precision_at_3": 0.26282,
    "precision_at_5": 0.24615,
    "precision_at_10": 0.18654,
    "precision_at_100": 0.07654,
    "precision_at_1000": 0.01981,
    "mrr_at_1_max": -0.012930967211223767,
    "mrr_at_1_std": 0.14359795312343565,
    "mrr_at_1_diff1": 0.2850988104527561,
    "mrr_at_3_max": 0.024429387509517904,
    "mrr_at_3_std": 0.08981869199375896,
    "mrr_at_3_diff1": 0.3260586468484713,
    "mrr_at_5_max": -0.03076664033132416,
    "mrr_at_5_std": -0.07554049056869895,
    "mrr_at_5_diff1": 0.25538008641694787,
    "mrr_at_10_max": -0.03061833299222992,
    "mrr_at_10_std": -0.06010311793367129,
    "mrr_at_10_diff1": 0.21203255379369668,
    "mrr_at_100_max": -0.05083450671734277,
    "mrr_at_100_std": -0.0628391231117481,
    "mrr_at_100_diff1": 0.07248215663635141,
    "mrr_at_1000_max": -0.17880034094883676,
    "mrr_at_1000_std": -0.18078786401961608,
    "mrr_at_1000_diff1": 0.01773098703429477,
    "mrr_at_1": 0.36538461538461536,
    "mrr_at_3": 0.4262820512820513,
    "mrr_at_5": 0.458974358974359,
    "mrr_at_10": 0.46492673992673994,
    "mrr_at_100": 0.4799586080158056,
    "mrr_at_1000": 0.4801229735647865,
    "nauc_mrr_at_1_max": -0.012930967211223767,
    "nauc_mrr_at_1_std": 0.14359795312343565,
    "nauc_mrr_at_1_diff1": 0.2850988104527561,
    "nauc_mrr_at_3_max": -0.008123889635333552,
    "nauc_mrr_at_3_std": 0.14255658737834964,
    "nauc_mrr_at_3_diff1": 0.3311966302448439,
    "nauc_mrr_at_5_max": -0.04192006828604377,
    "nauc_mrr_at_5_std": 0.08883901354180655,
    "nauc_mrr_at_5_diff1": 0.3138054136609168,
    "nauc_mrr_at_10_max": -0.03314385575326686,
    "nauc_mrr_at_10_std": 0.09727973421927322,
    "nauc_mrr_at_10_diff1": 0.315034607284591,
    "nauc_mrr_at_100_max": -0.02753883760987494,
    "nauc_mrr_at_100_std": 0.10644439045473421,
    "nauc_mrr_at_100_diff1": 0.3151849855218874,
    "nauc_mrr_at_1000_max": -0.02727427802929086,
    "nauc_mrr_at_1000_std": 0.10658367719534285,
    "nauc_mrr_at_1000_diff1": 0.3148395781827774,
    "cv_recall_at_1": 0.36538,
    "cv_recall_at_3": 0.5,
    "cv_recall_at_5": 0.63462,
    "cv_recall_at_10": 0.67308,
    "cv_recall_at_100": 0.98077,
    "cv_recall_at_1000": 1.0
  }
}