{
  "News21InstructionRetrieval": {
    "task": "News21InstructionRetrieval",
    "p-MRR": -0.021059963078594292,
    "original": {
      "ndcg_at_1": 0.39062,
      "ndcg_at_3": 0.34885,
      "ndcg_at_5": 0.38907,
      "ndcg_at_10": 0.38804,
      "ndcg_at_100": 0.53452,
      "ndcg_at_1000": 0.63959,
      "map_at_1": 0.02375,
      "map_at_3": 0.06648,
      "map_at_5": 0.1052,
      "map_at_10": 0.16942,
      "map_at_100": 0.37757,
      "map_at_1000": 0.42614,
      "recall_at_1": 0.02375,
      "recall_at_3": 0.07515,
      "recall_at_5": 0.12649,
      "recall_at_10": 0.21582,
      "recall_at_100": 0.66779,
      "recall_at_1000": 1.0,
      "accuracy": 0.02375,
      "precision_at_1": 0.59375,
      "precision_at_3": 0.61458,
      "precision_at_5": 0.63125,
      "precision_at_10": 0.58125,
      "precision_at_100": 0.225,
      "precision_at_1000": 0.03725,
      "mrr_at_1_max": 0.11492056569414416,
      "mrr_at_1_std": -0.09593537906487717,
      "mrr_at_1_diff1": 0.2592227055603216,
      "mrr_at_3_max": 0.20172138520287197,
      "mrr_at_3_std": 0.07229153118046673,
      "mrr_at_3_diff1": 0.1973245021563512,
      "mrr_at_5_max": 0.1329086147164061,
      "mrr_at_5_std": -0.051612724271177225,
      "mrr_at_5_diff1": 0.2837007590537588,
      "mrr_at_10_max": 0.12864537437858825,
      "mrr_at_10_std": -0.09491772006949976,
      "mrr_at_10_diff1": 0.32033475365807584,
      "mrr_at_100_max": 0.1495014849530767,
      "mrr_at_100_std": 0.05209275679288233,
      "mrr_at_100_diff1": 0.19631969922281584,
      "mrr_at_1000_max": 0.1774629062920588,
      "mrr_at_1000_std": 0.07758361549843885,
      "mrr_at_1000_diff1": 0.18855034812938257,
      "mrr_at_1": 0.59375,
      "mrr_at_3": 0.6979166666666666,
      "mrr_at_5": 0.7291666666666666,
      "mrr_at_10": 0.7291666666666666,
      "mrr_at_100": 0.73046875,
      "mrr_at_1000": 0.73046875,
      "nauc_mrr_at_1_max": 0.11492056569414416,
      "nauc_mrr_at_1_std": -0.09593537906487717,
      "nauc_mrr_at_1_diff1": 0.2592227055603216,
      "nauc_mrr_at_3_max": 0.1047447859840577,
      "nauc_mrr_at_3_std": -0.0002885273096774577,
      "nauc_mrr_at_3_diff1": 0.16219962120441758,
      "nauc_mrr_at_5_max": 0.055250411299805006,
      "nauc_mrr_at_5_std": -0.023693653366196835,
      "nauc_mrr_at_5_diff1": 0.17757045298941854,
      "nauc_mrr_at_10_max": 0.055250411299805006,
      "nauc_mrr_at_10_std": -0.023693653366196835,
      "nauc_mrr_at_10_diff1": 0.17757045298941854,
      "nauc_mrr_at_100_max": 0.06631242640695077,
      "nauc_mrr_at_100_std": -0.025958144900817423,
      "nauc_mrr_at_100_diff1": 0.1856208269483916,
      "nauc_mrr_at_1000_max": 0.06631242640695077,
      "nauc_mrr_at_1000_std": -0.025958144900817423,
      "nauc_mrr_at_1000_diff1": 0.1856208269483916,
      "cv_recall_at_1": 0.59375,
      "cv_recall_at_3": 0.84375,
      "cv_recall_at_5": 0.96875,
      "cv_recall_at_10": 0.96875,
      "cv_recall_at_100": 1.0,
      "cv_recall_at_1000": 1.0
    },
    "changed": {
      "ndcg_at_1": 0.125,
      "ndcg_at_3": 0.13455,
      "ndcg_at_5": 0.17453,
      "ndcg_at_10": 0.21862,
      "ndcg_at_100": 0.38109,
      "ndcg_at_1000": 0.45327,
      "map_at_1": 0.00764,
      "map_at_3": 0.03673,
      "map_at_5": 0.06391,
      "map_at_10": 0.10181,
      "map_at_100": 0.20446,
      "map_at_1000": 0.22498,
      "recall_at_1": 0.00764,
      "recall_at_3": 0.05461,
      "recall_at_5": 0.11201,
      "recall_at_10": 0.22072,
      "recall_at_100": 0.696,
      "recall_at_1000": 1.0,
      "accuracy": 0.00764,
      "precision_at_1": 0.125,
      "precision_at_3": 0.21875,
      "precision_at_5": 0.26875,
      "precision_at_10": 0.26875,
      "precision_at_100": 0.10062,
      "precision_at_1000": 0.01634,
      "mrr_at_1_max": 0.015131998606901688,
      "mrr_at_1_std": -0.1781743815839652,
      "mrr_at_1_diff1": -0.08715087321694029,
      "mrr_at_3_max": -0.042180860873859416,
      "mrr_at_3_std": -0.21732765525540523,
      "mrr_at_3_diff1": -0.0038150702155080175,
      "mrr_at_5_max": 0.16701982387098158,
      "mrr_at_5_std": -0.10394140586909449,
      "mrr_at_5_diff1": 0.2548626739742363,
      "mrr_at_10_max": 0.24264473827923355,
      "mrr_at_10_std": -0.11495628196057095,
      "mrr_at_10_diff1": 0.2678589573436478,
      "mrr_at_100_max": 0.04377513546081488,
      "mrr_at_100_std": -0.08941846864598207,
      "mrr_at_100_diff1": -0.04288154958401694,
      "mrr_at_1000_max": 0.04617389144666796,
      "mrr_at_1000_std": 0.00694849472056389,
      "mrr_at_1000_diff1": -0.06429688730104136,
      "mrr_at_1": 0.125,
      "mrr_at_3": 0.26041666666666663,
      "mrr_at_5": 0.31510416666666663,
      "mrr_at_10": 0.344047619047619,
      "mrr_at_100": 0.34665323149184407,
      "mrr_at_1000": 0.34665323149184407,
      "nauc_mrr_at_1_max": 0.015131998606901688,
      "nauc_mrr_at_1_std": -0.1781743815839652,
      "nauc_mrr_at_1_diff1": -0.08715087321694029,
      "nauc_mrr_at_3_max": -0.06180403236163676,
      "nauc_mrr_at_3_std": -0.19075539653426302,
      "nauc_mrr_at_3_diff1": -0.027481803501868608,
      "nauc_mrr_at_5_max": -0.04670262099965607,
      "nauc_mrr_at_5_std": -0.18927029001588813,
      "nauc_mrr_at_5_diff1": 0.016489361630444052,
      "nauc_mrr_at_10_max": -0.0608186184725079,
      "nauc_mrr_at_10_std": -0.19584092490449606,
      "nauc_mrr_at_10_diff1": -0.014720076036321321,
      "nauc_mrr_at_100_max": -0.05720276603167198,
      "nauc_mrr_at_100_std": -0.19184465855144614,
      "nauc_mrr_at_100_diff1": -0.013156630846037153,
      "nauc_mrr_at_1000_max": -0.05720276603167198,
      "nauc_mrr_at_1000_std": -0.19184465855144614,
      "nauc_mrr_at_1000_diff1": -0.013156630846037153,
      "cv_recall_at_1": 0.125,
      "cv_recall_at_3": 0.4375,
      "cv_recall_at_5": 0.6875,
      "cv_recall_at_10": 0.90625,
      "cv_recall_at_100": 1.0,
      "cv_recall_at_1000": 1.0
    }
  }
}