{
  "task": "Core17InstructionRetrieval",
  "p-MRR": 0.05752515532834794,
  "original": {
    "ndcg_at_1": 0.45,
    "ndcg_at_3": 0.41022,
    "ndcg_at_5": 0.40673,
    "ndcg_at_10": 0.36292,
    "ndcg_at_100": 0.42015,
    "ndcg_at_1000": 0.65256,
    "map_at_1": 0.02018,
    "map_at_3": 0.03377,
    "map_at_5": 0.05145,
    "map_at_10": 0.07478,
    "map_at_100": 0.2196,
    "map_at_1000": 0.2883,
    "recall_at_1": 0.02018,
    "recall_at_3": 0.03718,
    "recall_at_5": 0.06367,
    "recall_at_10": 0.10904,
    "recall_at_100": 0.46691,
    "recall_at_1000": 1.0,
    "accuracy": 0.02018,
    "precision_at_1": 0.6,
    "precision_at_3": 0.5,
    "precision_at_5": 0.5,
    "precision_at_10": 0.42,
    "precision_at_100": 0.2275,
    "precision_at_1000": 0.0545,
    "mrr_at_1_max": -0.22885129118432787,
    "mrr_at_1_std": 0.29341050756901155,
    "mrr_at_1_diff1": 0.3037993469872365,
    "mrr_at_3_max": 0.014168663294583897,
    "mrr_at_3_std": 0.2944952228828346,
    "mrr_at_3_diff1": 0.33581802585263415,
    "mrr_at_5_max": -0.027574146367313784,
    "mrr_at_5_std": 0.3372842733744325,
    "mrr_at_5_diff1": 0.2791153662715727,
    "mrr_at_10_max": -0.007032926416082624,
    "mrr_at_10_std": 0.38103060606371764,
    "mrr_at_10_diff1": 0.1525375003850145,
    "mrr_at_100_max": 0.09696694113309536,
    "mrr_at_100_std": 0.33864077669902864,
    "mrr_at_100_diff1": -0.022919995084183912,
    "mrr_at_1000_max": 0.4315781271914105,
    "mrr_at_1000_std": 0.2765454800455035,
    "mrr_at_1000_diff1": -0.03325801374452561,
    "mrr_at_1": 0.6,
    "mrr_at_3": 0.6916666666666667,
    "mrr_at_5": 0.7141666666666666,
    "mrr_at_10": 0.7197222222222222,
    "mrr_at_100": 0.7197222222222222,
    "mrr_at_1000": 0.7197222222222222,
    "nauc_mrr_at_1_max": -0.22885129118432787,
    "nauc_mrr_at_1_std": 0.29341050756901155,
    "nauc_mrr_at_1_diff1": 0.3037993469872365,
    "nauc_mrr_at_3_max": -0.28276084849790034,
    "nauc_mrr_at_3_std": 0.2479349013213553,
    "nauc_mrr_at_3_diff1": 0.2859604054823176,
    "nauc_mrr_at_5_max": -0.3420520541330786,
    "nauc_mrr_at_5_std": 0.18823014606274455,
    "nauc_mrr_at_5_diff1": 0.2778092600292393,
    "nauc_mrr_at_10_max": -0.30776317356492333,
    "nauc_mrr_at_10_std": 0.2210975146118471,
    "nauc_mrr_at_10_diff1": 0.28161186078894795,
    "nauc_mrr_at_100_max": -0.30776317356492333,
    "nauc_mrr_at_100_std": 0.2210975146118471,
    "nauc_mrr_at_100_diff1": 0.28161186078894795,
    "nauc_mrr_at_1000_max": -0.30776317356492333,
    "nauc_mrr_at_1000_std": 0.2210975146118471,
    "nauc_mrr_at_1000_diff1": 0.28161186078894795,
    "cv_recall_at_1": 0.6,
    "cv_recall_at_3": 0.85,
    "cv_recall_at_5": 0.95,
    "cv_recall_at_10": 1.0,
    "cv_recall_at_100": 1.0,
    "cv_recall_at_1000": 1.0
  },
  "changed": {
    "ndcg_at_1": 0.275,
    "ndcg_at_3": 0.21511,
    "ndcg_at_5": 0.21648,
    "ndcg_at_10": 0.22686,
    "ndcg_at_100": 0.34474,
    "ndcg_at_1000": 0.53292,
    "map_at_1": 0.01329,
    "map_at_3": 0.02565,
    "map_at_5": 0.03434,
    "map_at_10": 0.05491,
    "map_at_100": 0.15426,
    "map_at_1000": 0.19186,
    "recall_at_1": 0.01329,
    "recall_at_3": 0.03635,
    "recall_at_5": 0.05074,
    "recall_at_10": 0.10205,
    "recall_at_100": 0.47967,
    "recall_at_1000": 1.0,
    "accuracy": 0.01329,
    "precision_at_1": 0.35,
    "precision_at_3": 0.26667,
    "precision_at_5": 0.27,
    "precision_at_10": 0.28,
    "precision_at_100": 0.1405,
    "precision_at_1000": 0.0327,
    "mrr_at_1_max": -0.0017799459423825578,
    "mrr_at_1_std": 0.07594436020831939,
    "mrr_at_1_diff1": 0.282879556991232,
    "mrr_at_3_max": 0.08854585102720058,
    "mrr_at_3_std": 0.08880408584873177,
    "mrr_at_3_diff1": 0.46525307012510037,
    "mrr_at_5_max": -0.03835767646305163,
    "mrr_at_5_std": -0.0056373563558238665,
    "mrr_at_5_diff1": 0.4250684958508269,
    "mrr_at_10_max": -0.09441186448892545,
    "mrr_at_10_std": 0.01596956332089378,
    "mrr_at_10_diff1": 0.2207265060824894,
    "mrr_at_100_max": 0.004434861522359512,
    "mrr_at_100_std": 0.09607983413154182,
    "mrr_at_100_diff1": 0.0488497181428565,
    "mrr_at_1000_max": 0.5012193090724278,
    "mrr_at_1000_std": 0.15063271677436119,
    "mrr_at_1000_diff1": -0.09465981063340102,
    "mrr_at_1": 0.35,
    "mrr_at_3": 0.4083333333333333,
    "mrr_at_5": 0.4533333333333333,
    "mrr_at_10": 0.48061507936507936,
    "mrr_at_100": 0.48585317460317456,
    "mrr_at_1000": 0.48585317460317456,
    "nauc_mrr_at_1_max": -0.0017799459423825578,
    "nauc_mrr_at_1_std": 0.07594436020831939,
    "nauc_mrr_at_1_diff1": 0.282879556991232,
    "nauc_mrr_at_3_max": -0.03945620065229595,
    "nauc_mrr_at_3_std": 0.0070939898751412765,
    "nauc_mrr_at_3_diff1": 0.3711386622448194,
    "nauc_mrr_at_5_max": -0.0713592323414796,
    "nauc_mrr_at_5_std": -0.01243697126867566,
    "nauc_mrr_at_5_diff1": 0.3296757657728965,
    "nauc_mrr_at_10_max": -0.028540352727120334,
    "nauc_mrr_at_10_std": 0.05027822267965684,
    "nauc_mrr_at_10_diff1": 0.2827518344194676,
    "nauc_mrr_at_100_max": -0.03935328395742316,
    "nauc_mrr_at_100_std": 0.03560879986589395,
    "nauc_mrr_at_100_diff1": 0.3071065145951753,
    "nauc_mrr_at_1000_max": -0.03935328395742316,
    "nauc_mrr_at_1000_std": 0.03560879986589395,
    "nauc_mrr_at_1000_diff1": 0.3071065145951753,
    "cv_recall_at_1": 0.35,
    "cv_recall_at_3": 0.5,
    "cv_recall_at_5": 0.7,
    "cv_recall_at_10": 0.9,
    "cv_recall_at_100": 1.0,
    "cv_recall_at_1000": 1.0
  }
}