{
  "task": "Robust04InstructionRetrieval",
  "p-MRR": -0.05040723588693917,
  "original": {
    "ndcg_at_1": 0.30769,
    "ndcg_at_3": 0.34438,
    "ndcg_at_5": 0.32283,
    "ndcg_at_10": 0.31127,
    "ndcg_at_100": 0.377,
    "ndcg_at_1000": 0.57553,
    "map_at_1": 0.02576,
    "map_at_3": 0.0609,
    "map_at_5": 0.0761,
    "map_at_10": 0.10513,
    "map_at_100": 0.18804,
    "map_at_1000": 0.22687,
    "recall_at_1": 0.02576,
    "recall_at_3": 0.07348,
    "recall_at_5": 0.09676,
    "recall_at_10": 0.15466,
    "recall_at_100": 0.4739,
    "recall_at_1000": 1.0,
    "accuracy": 0.02576,
    "precision_at_1": 0.42308,
    "precision_at_3": 0.4359,
    "precision_at_5": 0.38846,
    "precision_at_10": 0.32115,
    "precision_at_100": 0.12808,
    "precision_at_1000": 0.03369,
    "mrr_at_1_max": -0.06593316688318317,
    "mrr_at_1_std": -0.09632932476187331,
    "mrr_at_1_diff1": 0.34855070847799224,
    "mrr_at_3_max": -0.07506518377438134,
    "mrr_at_3_std": -0.06687621601304082,
    "mrr_at_3_diff1": 0.10205557779613322,
    "mrr_at_5_max": -0.15758396073526104,
    "mrr_at_5_std": -0.16603470256194863,
    "mrr_at_5_diff1": 0.12892244694617175,
    "mrr_at_10_max": -0.13506596444306446,
    "mrr_at_10_std": -0.1561682192510754,
    "mrr_at_10_diff1": 0.12862322670486573,
    "mrr_at_100_max": -0.12343610351504491,
    "mrr_at_100_std": -0.09602395090567392,
    "mrr_at_100_diff1": 0.017512961088172855,
    "mrr_at_1000_max": -0.14373111426497953,
    "mrr_at_1000_std": -0.14987488950484332,
    "mrr_at_1000_diff1": -0.03233520476689434,
    "mrr_at_1": 0.4230769230769231,
    "mrr_at_3": 0.5705128205128205,
    "mrr_at_5": 0.5878205128205127,
    "mrr_at_10": 0.5982905982905982,
    "mrr_at_100": 0.6045894383394382,
    "mrr_at_1000": 0.6045894383394382,
    "nauc_mrr_at_1_max": -0.06593316688318317,
    "nauc_mrr_at_1_std": -0.09632932476187331,
    "nauc_mrr_at_1_diff1": 0.34855070847799224,
    "nauc_mrr_at_3_max": -0.055682754759340286,
    "nauc_mrr_at_3_std": -0.06449310700112701,
    "nauc_mrr_at_3_diff1": 0.2855178598169634,
    "nauc_mrr_at_5_max": -0.09729479352830338,
    "nauc_mrr_at_5_std": -0.10873956823130168,
    "nauc_mrr_at_5_diff1": 0.258124366860845,
    "nauc_mrr_at_10_max": -0.07015883146316675,
    "nauc_mrr_at_10_std": -0.07662282272871415,
    "nauc_mrr_at_10_diff1": 0.27935692036565407,
    "nauc_mrr_at_100_max": -0.07100843624990648,
    "nauc_mrr_at_100_std": -0.078912663880667,
    "nauc_mrr_at_100_diff1": 0.27927742495675334,
    "nauc_mrr_at_1000_max": -0.07100843624990648,
    "nauc_mrr_at_1000_std": -0.078912663880667,
    "nauc_mrr_at_1000_diff1": 0.27927742495675334,
    "cv_recall_at_1": 0.42308,
    "cv_recall_at_3": 0.73077,
    "cv_recall_at_5": 0.80769,
    "cv_recall_at_10": 0.88462,
    "cv_recall_at_100": 1.0,
    "cv_recall_at_1000": 1.0
  },
  "changed": {
    "ndcg_at_1": 0.26923,
    "ndcg_at_3": 0.24854,
    "ndcg_at_5": 0.22886,
    "ndcg_at_10": 0.23921,
    "ndcg_at_100": 0.33286,
    "ndcg_at_1000": 0.49947,
    "map_at_1": 0.04211,
    "map_at_3": 0.07555,
    "map_at_5": 0.08985,
    "map_at_10": 0.11506,
    "map_at_100": 0.16766,
    "map_at_1000": 0.19268,
    "recall_at_1": 0.04211,
    "recall_at_3": 0.09198,
    "recall_at_5": 0.11793,
    "recall_at_10": 0.1767,
    "recall_at_100": 0.47537,
    "recall_at_1000": 1.0,
    "accuracy": 0.04211,
    "precision_at_1": 0.32692,
    "precision_at_3": 0.28205,
    "precision_at_5": 0.23462,
    "precision_at_10": 0.20769,
    "precision_at_100": 0.07558,
    "precision_at_1000": 0.01981,
    "mrr_at_1_max": -0.08035625861302353,
    "mrr_at_1_std": -0.01088775380097566,
    "mrr_at_1_diff1": 0.2334564888717787,
    "mrr_at_3_max": 0.033528458556474315,
    "mrr_at_3_std": 0.05508259488643543,
    "mrr_at_3_diff1": 0.32021926034289766,
    "mrr_at_5_max": -0.07374199897877717,
    "mrr_at_5_std": -0.06453998271583572,
    "mrr_at_5_diff1": 0.2221977081637269,
    "mrr_at_10_max": -0.06903446466977643,
    "mrr_at_10_std": -0.08313497762928697,
    "mrr_at_10_diff1": 0.22899465778037917,
    "mrr_at_100_max": -0.04519582859366746,
    "mrr_at_100_std": -0.02450518582890555,
    "mrr_at_100_diff1": 0.13647256410668823,
    "mrr_at_1000_max": -0.17880034094883676,
    "mrr_at_1000_std": -0.1626173172999261,
    "mrr_at_1000_diff1": -0.02436715229675125,
    "mrr_at_1": 0.3269230769230769,
    "mrr_at_3": 0.4294871794871795,
    "mrr_at_5": 0.44583333333333336,
    "mrr_at_10": 0.4560592185592185,
    "mrr_at_100": 0.46808425554131133,
    "mrr_at_1000": 0.46808425554131133,
    "nauc_mrr_at_1_max": -0.08035625861302353,
    "nauc_mrr_at_1_std": -0.01088775380097566,
    "nauc_mrr_at_1_diff1": 0.2334564888717787,
    "nauc_mrr_at_3_max": -0.06141206621755645,
    "nauc_mrr_at_3_std": 0.020243672964465304,
    "nauc_mrr_at_3_diff1": 0.2617365971637056,
    "nauc_mrr_at_5_max": -0.09523140507306924,
    "nauc_mrr_at_5_std": -0.013733972645988446,
    "nauc_mrr_at_5_diff1": 0.26032729596113713,
    "nauc_mrr_at_10_max": -0.07517028153857833,
    "nauc_mrr_at_10_std": 0.002213497833526073,
    "nauc_mrr_at_10_diff1": 0.2687503599531297,
    "nauc_mrr_at_100_max": -0.06591980357885548,
    "nauc_mrr_at_100_std": 0.012133715557473411,
    "nauc_mrr_at_100_diff1": 0.269035020956939,
    "nauc_mrr_at_1000_max": -0.06591980357885548,
    "nauc_mrr_at_1000_std": 0.012133715557473411,
    "nauc_mrr_at_1000_diff1": 0.269035020956939,
    "cv_recall_at_1": 0.32692,
    "cv_recall_at_3": 0.55769,
    "cv_recall_at_5": 0.63462,
    "cv_recall_at_10": 0.71154,
    "cv_recall_at_100": 1.0,
    "cv_recall_at_1000": 1.0
  }
}