{
  "Core17InstructionRetrieval": {
    "task": "Core17InstructionRetrieval",
    "p-MRR": 0.029877833753456106,
    "original": {
      "ndcg_at_1": 0.475,
      "ndcg_at_3": 0.47223,
      "ndcg_at_5": 0.45875,
      "ndcg_at_10": 0.42987,
      "ndcg_at_100": 0.45265,
      "ndcg_at_1000": 0.67324,
      "map_at_1": 0.01978,
      "map_at_3": 0.04373,
      "map_at_5": 0.06064,
      "map_at_10": 0.09159,
      "map_at_100": 0.24556,
      "map_at_1000": 0.30851,
      "recall_at_1": 0.01978,
      "recall_at_3": 0.04577,
      "recall_at_5": 0.06791,
      "recall_at_10": 0.11512,
      "recall_at_100": 0.45632,
      "recall_at_1000": 1.0,
      "accuracy": 0.01978,
      "precision_at_1": 0.55,
      "precision_at_3": 0.55,
      "precision_at_5": 0.56,
      "precision_at_10": 0.49,
      "precision_at_100": 0.2325,
      "precision_at_1000": 0.0545,
      "mrr_at_1_max": -0.44793933862248136,
      "mrr_at_1_std": 0.3118022888436426,
      "mrr_at_1_diff1": 0.6683283016218492,
      "mrr_at_3_max": -0.014756075653758539,
      "mrr_at_3_std": 0.28216182924012584,
      "mrr_at_3_diff1": 0.5751276721328299,
      "mrr_at_5_max": 0.1669757142599959,
      "mrr_at_5_std": 0.4004716726375859,
      "mrr_at_5_diff1": 0.5598142113885543,
      "mrr_at_10_max": 0.08053490909839581,
      "mrr_at_10_std": 0.3155716609359881,
      "mrr_at_10_diff1": 0.38486483147686784,
      "mrr_at_100_max": 0.18446401883972544,
      "mrr_at_100_std": 0.40357773651555584,
      "mrr_at_100_diff1": 0.28966985190888017,
      "mrr_at_1000_max": 0.36437019837621354,
      "mrr_at_1000_std": 0.03398887347867441,
      "mrr_at_1000_diff1": -0.2820136821928904,
      "mrr_at_1": 0.55,
      "mrr_at_3": 0.6333333333333334,
      "mrr_at_5": 0.6583333333333334,
      "mrr_at_10": 0.675,
      "mrr_at_100": 0.6795454545454547,
      "mrr_at_1000": 0.6795454545454547,
      "nauc_mrr_at_1_max": -0.44793933862248136,
      "nauc_mrr_at_1_std": 0.3118022888436426,
      "nauc_mrr_at_1_diff1": 0.6683283016218492,
      "nauc_mrr_at_3_max": -0.29408590546082425,
      "nauc_mrr_at_3_std": 0.4265324843513921,
      "nauc_mrr_at_3_diff1": 0.6113614288797757,
      "nauc_mrr_at_5_max": -0.3336979910018909,
      "nauc_mrr_at_5_std": 0.4195567598113436,
      "nauc_mrr_at_5_diff1": 0.6492693564395887,
      "nauc_mrr_at_10_max": -0.3492512747940717,
      "nauc_mrr_at_10_std": 0.41755562562970644,
      "nauc_mrr_at_10_diff1": 0.6368202059667284,
      "nauc_mrr_at_100_max": -0.3578898803654182,
      "nauc_mrr_at_100_std": 0.40928867867972624,
      "nauc_mrr_at_100_diff1": 0.6383330473533079,
      "nauc_mrr_at_1000_max": -0.3578898803654182,
      "nauc_mrr_at_1000_std": 0.40928867867972624,
      "nauc_mrr_at_1000_diff1": 0.6383330473533079,
      "cv_recall_at_1": 0.55,
      "cv_recall_at_3": 0.75,
      "cv_recall_at_5": 0.85,
      "cv_recall_at_10": 0.95,
      "cv_recall_at_100": 1.0,
      "cv_recall_at_1000": 1.0
    },
    "changed": {
      "ndcg_at_1": 0.275,
      "ndcg_at_3": 0.22905,
      "ndcg_at_5": 0.26111,
      "ndcg_at_10": 0.26333,
      "ndcg_at_100": 0.34319,
      "ndcg_at_1000": 0.53924,
      "map_at_1": 0.00893,
      "map_at_3": 0.01866,
      "map_at_5": 0.03261,
      "map_at_10": 0.05729,
      "map_at_100": 0.14717,
      "map_at_1000": 0.18865,
      "recall_at_1": 0.00893,
      "recall_at_3": 0.0228,
      "recall_at_5": 0.04911,
      "recall_at_10": 0.11213,
      "recall_at_100": 0.43294,
      "recall_at_1000": 1.0,
      "accuracy": 0.00893,
      "precision_at_1": 0.3,
      "precision_at_3": 0.26667,
      "precision_at_5": 0.34,
      "precision_at_10": 0.31,
      "precision_at_100": 0.135,
      "precision_at_1000": 0.0327,
      "mrr_at_1_max": -0.23132009187947586,
      "mrr_at_1_std": -0.11248479935143899,
      "mrr_at_1_diff1": -0.2763140116200514,
      "mrr_at_3_max": 0.0023667238624934177,
      "mrr_at_3_std": 0.17788888231465577,
      "mrr_at_3_diff1": -0.03198035619194133,
      "mrr_at_5_max": 0.057438079319252454,
      "mrr_at_5_std": 0.20422428202400864,
      "mrr_at_5_diff1": -0.023191764169579236,
      "mrr_at_10_max": -0.013982169745930915,
      "mrr_at_10_std": 0.2744209947656489,
      "mrr_at_10_diff1": -0.005855780491885474,
      "mrr_at_100_max": 0.2567231825573691,
      "mrr_at_100_std": 0.4681420526410889,
      "mrr_at_100_diff1": 0.05534767813045844,
      "mrr_at_1000_max": 0.35115887746691127,
      "mrr_at_1000_std": -0.07812119633225051,
      "mrr_at_1000_diff1": -0.47257942592110247,
      "mrr_at_1": 0.3,
      "mrr_at_3": 0.35833333333333334,
      "mrr_at_5": 0.4258333333333334,
      "mrr_at_10": 0.4452777777777778,
      "mrr_at_100": 0.4473809523809524,
      "mrr_at_1000": 0.4473809523809524,
      "nauc_mrr_at_1_max": -0.23132009187947586,
      "nauc_mrr_at_1_std": -0.11248479935143899,
      "nauc_mrr_at_1_diff1": -0.2763140116200514,
      "nauc_mrr_at_3_max": -0.07828364088281296,
      "nauc_mrr_at_3_std": -0.012971449495677889,
      "nauc_mrr_at_3_diff1": -0.19159796273898416,
      "nauc_mrr_at_5_max": -0.1701952241469143,
      "nauc_mrr_at_5_std": -0.016119380611530388,
      "nauc_mrr_at_5_diff1": -0.20383267468807506,
      "nauc_mrr_at_10_max": -0.17678427631581733,
      "nauc_mrr_at_10_std": 0.0011937041214985656,
      "nauc_mrr_at_10_diff1": -0.15713136548653164,
      "nauc_mrr_at_100_max": -0.1783190903796952,
      "nauc_mrr_at_100_std": -0.004668066131891321,
      "nauc_mrr_at_100_diff1": -0.16482867782952543,
      "nauc_mrr_at_1000_max": -0.1783190903796952,
      "nauc_mrr_at_1000_std": -0.004668066131891321,
      "nauc_mrr_at_1000_diff1": -0.16482867782952543,
      "cv_recall_at_1": 0.3,
      "cv_recall_at_3": 0.45,
      "cv_recall_at_5": 0.75,
      "cv_recall_at_10": 0.9,
      "cv_recall_at_100": 1.0,
      "cv_recall_at_1000": 1.0
    }
  },
  "Robust04InstructionRetrieval": {
    "task": "Robust04InstructionRetrieval",
    "p-MRR": -0.01589403378852044,
    "original": {
      "ndcg_at_1": 0.45192,
      "ndcg_at_3": 0.36438,
      "ndcg_at_5": 0.34698,
      "ndcg_at_10": 0.34118,
      "ndcg_at_100": 0.42056,
      "ndcg_at_1000": 0.60231,
      "map_at_1": 0.02529,
      "map_at_3": 0.05495,
      "map_at_5": 0.07753,
      "map_at_10": 0.11279,
      "map_at_100": 0.22766,
      "map_at_1000": 0.26386,
      "recall_at_1": 0.02529,
      "recall_at_3": 0.06245,
      "recall_at_5": 0.09968,
      "recall_at_10": 0.15962,
      "recall_at_100": 0.50732,
      "recall_at_1000": 1.0,
      "accuracy": 0.02529,
      "precision_at_1": 0.57692,
      "precision_at_3": 0.42308,
      "precision_at_5": 0.38846,
      "precision_at_10": 0.34231,
      "precision_at_100": 0.14365,
      "precision_at_1000": 0.03369,
      "mrr_at_1_max": -0.2690643371360125,
      "mrr_at_1_std": 0.09160644862382901,
      "mrr_at_1_diff1": 0.04553014315418304,
      "mrr_at_3_max": -0.1501834164521335,
      "mrr_at_3_std": 0.08464486424609904,
      "mrr_at_3_diff1": 0.09138229681105751,
      "mrr_at_5_max": -0.28821308148615093,
      "mrr_at_5_std": -0.027150738223398696,
      "mrr_at_5_diff1": -0.05647861391888073,
      "mrr_at_10_max": -0.364593368066017,
      "mrr_at_10_std": -0.06596483580723496,
      "mrr_at_10_diff1": -0.07417143472192919,
      "mrr_at_100_max": -0.38682811717441984,
      "mrr_at_100_std": 0.0011482661102892643,
      "mrr_at_100_diff1": -0.1125519275562648,
      "mrr_at_1000_max": 0.007362717637399842,
      "mrr_at_1000_std": -0.013307260930621042,
      "mrr_at_1000_diff1": -0.037635287908490994,
      "mrr_at_1": 0.5769230769230769,
      "mrr_at_3": 0.6282051282051282,
      "mrr_at_5": 0.6378205128205128,
      "mrr_at_10": 0.6466346153846154,
      "mrr_at_100": 0.6558179004410623,
      "mrr_at_1000": 0.6561384132615751,
      "nauc_mrr_at_1_max": -0.2690643371360125,
      "nauc_mrr_at_1_std": 0.09160644862382901,
      "nauc_mrr_at_1_diff1": 0.04553014315418304,
      "nauc_mrr_at_3_max": -0.22482246658580618,