{
  "task": "Robust04InstructionRetrieval",
  "p-MRR": -0.01589403378852044,
  "original": {
    "ndcg_at_1": 0.45192,
    "ndcg_at_3": 0.36438,
    "ndcg_at_5": 0.34698,
    "ndcg_at_10": 0.34118,
    "ndcg_at_100": 0.42056,
    "ndcg_at_1000": 0.60231,
    "map_at_1": 0.02529,
    "map_at_3": 0.05495,
    "map_at_5": 0.07753,
    "map_at_10": 0.11279,
    "map_at_100": 0.22766,
    "map_at_1000": 0.26386,
    "recall_at_1": 0.02529,
    "recall_at_3": 0.06245,
    "recall_at_5": 0.09968,
    "recall_at_10": 0.15962,
    "recall_at_100": 0.50732,
    "recall_at_1000": 1.0,
    "accuracy": 0.02529,
    "precision_at_1": 0.57692,
    "precision_at_3": 0.42308,
    "precision_at_5": 0.38846,
    "precision_at_10": 0.34231,
    "precision_at_100": 0.14365,
    "precision_at_1000": 0.03369,
    "mrr_at_1_max": -0.2690643371360125,
    "mrr_at_1_std": 0.09160644862382901,
    "mrr_at_1_diff1": 0.04553014315418304,
    "mrr_at_3_max": -0.1501834164521335,
    "mrr_at_3_std": 0.08464486424609904,
    "mrr_at_3_diff1": 0.09138229681105751,
    "mrr_at_5_max": -0.28821308148615093,
    "mrr_at_5_std": -0.027150738223398696,
    "mrr_at_5_diff1": -0.05647861391888073,
    "mrr_at_10_max": -0.364593368066017,
    "mrr_at_10_std": -0.06596483580723496,
    "mrr_at_10_diff1": -0.07417143472192919,
    "mrr_at_100_max": -0.38682811717441984,
    "mrr_at_100_std": 0.0011482661102892643,
    "mrr_at_100_diff1": -0.1125519275562648,
    "mrr_at_1000_max": 0.007362717637399842,
    "mrr_at_1000_std": -0.013307260930621042,
    "mrr_at_1000_diff1": -0.037635287908490994,
    "mrr_at_1": 0.5769230769230769,
    "mrr_at_3": 0.6282051282051282,
    "mrr_at_5": 0.6378205128205128,
    "mrr_at_10": 0.6466346153846154,
    "mrr_at_100": 0.6558179004410623,
    "mrr_at_1000": 0.6561384132615751,
    "nauc_mrr_at_1_max": -0.2690643371360125,
    "nauc_mrr_at_1_std": 0.09160644862382901,
    "nauc_mrr_at_1_diff1": 0.04553014315418304,
    "nauc_mrr_at_3_max": -0.22482246658580618,
    "nauc_mrr_at_3_std": 0.12457965068826052,
    "nauc_mrr_at_3_diff1": 0.068122013058904,
    "nauc_mrr_at_5_max": -0.2067024964095385,
    "nauc_mrr_at_5_std": 0.12014523398337887,
    "nauc_mrr_at_5_diff1": 0.04726402157440502,
    "nauc_mrr_at_10_max": -0.2014602387503216,
    "nauc_mrr_at_10_std": 0.11188613087183433,
    "nauc_mrr_at_10_diff1": 0.049719996661254144,
    "nauc_mrr_at_100_max": -0.20511518868545306,
    "nauc_mrr_at_100_std": 0.12156462186126124,
    "nauc_mrr_at_100_diff1": 0.0474703284589827,
    "nauc_mrr_at_1000_max": -0.20488436832317222,
    "nauc_mrr_at_1000_std": 0.12129871417673427,
    "nauc_mrr_at_1000_diff1": 0.04835104569241098,
    "cv_recall_at_1": 0.57692,
    "cv_recall_at_3": 0.69231,
    "cv_recall_at_5": 0.73077,
    "cv_recall_at_10": 0.78846,
    "cv_recall_at_100": 0.96154,
    "cv_recall_at_1000": 1.0
  },
  "changed": {
    "ndcg_at_1": 0.33654,
    "ndcg_at_3": 0.2565,
    "ndcg_at_5": 0.26077,
    "ndcg_at_10": 0.25381,
    "ndcg_at_100": 0.36032,
    "ndcg_at_1000": 0.51279,
    "map_at_1": 0.03678,
    "map_at_3": 0.06178,
    "map_at_5": 0.08561,
    "map_at_10": 0.10599,
    "map_at_100": 0.17842,
    "map_at_1000": 0.20108,
    "recall_at_1": 0.03678,
    "recall_at_3": 0.0688,
    "recall_at_5": 0.11816,
    "recall_at_10": 0.16329,
    "recall_at_100": 0.49877,
    "recall_at_1000": 1.0,
    "accuracy": 0.03678,
    "precision_at_1": 0.44231,
    "precision_at_3": 0.27564,
    "precision_at_5": 0.26923,
    "precision_at_10": 0.22115,
    "precision_at_100": 0.08788,
    "precision_at_1000": 0.01981,
    "mrr_at_1_max": 0.25230287053711253,
    "mrr_at_1_std": 0.4131463478289516,
    "mrr_at_1_diff1": 0.19783914034915528,
    "mrr_at_3_max": 0.21222691289798692,
    "mrr_at_3_std": 0.36485958476925984,
    "mrr_at_3_diff1": 0.20549820820607084,
    "mrr_at_5_max": 0.07941107761840083,
    "mrr_at_5_std": 0.2650645081225769,
    "mrr_at_5_diff1": 0.05309538820438694,
    "mrr_at_10_max": -0.003233003736833915,
    "mrr_at_10_std": 0.27990709503121997,
    "mrr_at_10_diff1": 0.08066031597510956,
    "mrr_at_100_max": -0.18114322907105745,
    "mrr_at_100_std": 0.1177137210827667,
    "mrr_at_100_diff1": 0.11529638419271854,
    "mrr_at_1000_max": -0.09070536298014241,
    "mrr_at_1000_std": 0.011431411886110668,
    "mrr_at_1000_diff1": 0.0630580435660966,
    "mrr_at_1": 0.4423076923076923,
    "mrr_at_3": 0.48717948717948717,
    "mrr_at_5": 0.5198717948717948,
    "mrr_at_10": 0.5241987179487179,
    "mrr_at_100": 0.5387721873969136,
    "mrr_at_1000": 0.5388365043508626,
    "nauc_mrr_at_1_max": 0.25230287053711253,
    "nauc_mrr_at_1_std": 0.4131463478289516,
    "nauc_mrr_at_1_diff1": 0.19783914034915528,
    "nauc_mrr_at_3_max": 0.2546360409143299,
    "nauc_mrr_at_3_std": 0.4302770874104285,
    "nauc_mrr_at_3_diff1": 0.136092205305346,
    "nauc_mrr_at_5_max": 0.24935884640743244,
    "nauc_mrr_at_5_std": 0.4071658416936387,
    "nauc_mrr_at_5_diff1": 0.09823314827074597,
    "nauc_mrr_at_10_max": 0.247355251728035,
    "nauc_mrr_at_10_std": 0.4135763017421037,
    "nauc_mrr_at_10_diff1": 0.08851006188239446,
    "nauc_mrr_at_100_max": 0.2585157225534742,
    "nauc_mrr_at_100_std": 0.40846229118724947,
    "nauc_mrr_at_100_diff1": 0.11580619826028152,
    "nauc_mrr_at_1000_max": 0.2584217810232012,
    "nauc_mrr_at_1000_std": 0.4085789298848349,
    "nauc_mrr_at_1000_diff1": 0.1156834669353508,
    "cv_recall_at_1": 0.44231,
    "cv_recall_at_3": 0.53846,
    "cv_recall_at_5": 0.67308,
    "cv_recall_at_10": 0.71154,
    "cv_recall_at_100": 0.98077,
    "cv_recall_at_1000": 1.0
  }
}