{
  "task": "News21InstructionRetrieval",
  "p-MRR": 0.010162295373007762,
  "original": {
    "ndcg_at_1": 0.34766,
    "ndcg_at_3": 0.40834,
    "ndcg_at_5": 0.41415,
    "ndcg_at_10": 0.39407,
    "ndcg_at_100": 0.5345,
    "ndcg_at_1000": 0.63971,
    "map_at_1": 0.02354,
    "map_at_3": 0.07416,
    "map_at_5": 0.11477,
    "map_at_10": 0.1711,
    "map_at_100": 0.36837,
    "map_at_1000": 0.41112,
    "recall_at_1": 0.02354,
    "recall_at_3": 0.08563,
    "recall_at_5": 0.1337,
    "recall_at_10": 0.2079,
    "recall_at_100": 0.63668,
    "recall_at_1000": 1.0,
    "accuracy": 0.02354,
    "precision_at_1": 0.5625,
    "precision_at_3": 0.71875,
    "precision_at_5": 0.6625,
    "precision_at_10": 0.55937,
    "precision_at_100": 0.21875,
    "precision_at_1000": 0.03725,
    "mrr_at_1_max": 0.2969042895315529,
    "mrr_at_1_std": 0.09677620290109436,
    "mrr_at_1_diff1": -0.2130556676821628,
    "mrr_at_3_max": 0.2544220383282764,
    "mrr_at_3_std": 0.17242436354324728,
    "mrr_at_3_diff1": 0.17140252283183652,
    "mrr_at_5_max": 0.26788222965912306,
    "mrr_at_5_std": 0.14726807747331974,
    "mrr_at_5_diff1": 0.24487945265530306,
    "mrr_at_10_max": 0.07115453695950881,
    "mrr_at_10_std": 0.08488457885927227,
    "mrr_at_10_diff1": 0.0061493669310873165,
    "mrr_at_100_max": -0.08967470368500458,
    "mrr_at_100_std": -0.0030960010076951736,
    "mrr_at_100_diff1": 0.05882369981251867,
    "mrr_at_1000_max": -0.20249546093143714,
    "mrr_at_1000_std": -0.12482495305301258,
    "mrr_at_1000_diff1": -0.029577338648577263,
    "mrr_at_1": 0.5625,
    "mrr_at_3": 0.7447916666666666,
    "mrr_at_5": 0.7526041666666666,
    "mrr_at_10": 0.7526041666666666,
    "mrr_at_100": 0.7526041666666666,
    "mrr_at_1000": 0.7526041666666666,
    "nauc_mrr_at_1_max": 0.2969042895315529,
    "nauc_mrr_at_1_std": 0.09677620290109436,
    "nauc_mrr_at_1_diff1": -0.2130556676821628,
    "nauc_mrr_at_3_max": 0.28497709449415837,
    "nauc_mrr_at_3_std": 0.20830859551686035,
    "nauc_mrr_at_3_diff1": -0.11297162904749569,
    "nauc_mrr_at_5_max": 0.3034553046339187,
    "nauc_mrr_at_5_std": 0.17606780394187616,
    "nauc_mrr_at_5_diff1": -0.14014405800368235,
    "nauc_mrr_at_10_max": 0.3034553046339187,
    "nauc_mrr_at_10_std": 0.17606780394187616,
    "nauc_mrr_at_10_diff1": -0.14014405800368235,
    "nauc_mrr_at_100_max": 0.3034553046339187,
    "nauc_mrr_at_100_std": 0.17606780394187616,
    "nauc_mrr_at_100_diff1": -0.14014405800368235,
    "nauc_mrr_at_1000_max": 0.3034553046339187,
    "nauc_mrr_at_1000_std": 0.17606780394187616,
    "nauc_mrr_at_1000_diff1": -0.14014405800368235,
    "cv_recall_at_1": 0.5625,
    "cv_recall_at_3": 0.96875,
    "cv_recall_at_5": 1.0,
    "cv_recall_at_10": 1.0,
    "cv_recall_at_100": 1.0,
    "cv_recall_at_1000": 1.0
  },
  "changed": {
    "ndcg_at_1": 0.11719,
    "ndcg_at_3": 0.23201,
    "ndcg_at_5": 0.24995,
    "ndcg_at_10": 0.26994,
    "ndcg_at_100": 0.41222,
    "ndcg_at_1000": 0.48615,
    "map_at_1": 0.01649,
    "map_at_3": 0.06256,
    "map_at_5": 0.09401,
    "map_at_10": 0.1232,
    "map_at_100": 0.2189,
    "map_at_1000": 0.23739,
    "recall_at_1": 0.01649,
    "recall_at_3": 0.09687,
    "recall_at_5": 0.16154,
    "recall_at_10": 0.23586,
    "recall_at_100": 0.6798,
    "recall_at_1000": 1.0,
    "accuracy": 0.01649,
    "precision_at_1": 0.15625,
    "precision_at_3": 0.35417,
    "precision_at_5": 0.33125,
    "precision_at_10": 0.27187,
    "precision_at_100": 0.09813,
    "precision_at_1000": 0.01634,
    "mrr_at_1_max": 0.7083805347300894,
    "mrr_at_1_std": 0.32138666872967786,
    "mrr_at_1_diff1": 0.44464115088786965,
    "mrr_at_3_max": 0.2995558398619265,
    "mrr_at_3_std": 0.18417749392654706,
    "mrr_at_3_diff1": 0.3806468923578822,
    "mrr_at_5_max": 0.23405823536639778,
    "mrr_at_5_std": 0.08085288498812407,
    "mrr_at_5_diff1": 0.41664514256224505,
    "mrr_at_10_max": 0.06600361956972514,
    "mrr_at_10_std": 0.08424081589532925,
    "mrr_at_10_diff1": 0.2055999747497147,
    "mrr_at_100_max": -0.19918478610483428,
    "mrr_at_100_std": 0.07411597099600727,
    "mrr_at_100_diff1": 0.07999308510048281,
    "mrr_at_1000_max": -0.28107739158015266,
    "mrr_at_1000_std": 0.022038704399363677,
    "mrr_at_1000_diff1": -0.03650855121317848,
    "mrr_at_1": 0.15625,
    "mrr_at_3": 0.39062500000000006,
    "mrr_at_5": 0.42187500000000006,
    "mrr_at_10": 0.4263392857142858,
    "mrr_at_100": 0.43748569139194143,
    "mrr_at_1000": 0.43748569139194143,
    "nauc_mrr_at_1_max": 0.7083805347300894,
    "nauc_mrr_at_1_std": 0.32138666872967786,
    "nauc_mrr_at_1_diff1": 0.44464115088786965,
    "nauc_mrr_at_3_max": 0.390868992216544,
    "nauc_mrr_at_3_std": 0.2927448522935416,
    "nauc_mrr_at_3_diff1": 0.465863969124089,
    "nauc_mrr_at_5_max": 0.45735797584137544,
    "nauc_mrr_at_5_std": 0.32374410145532495,
    "nauc_mrr_at_5_diff1": 0.4291460467003262,
    "nauc_mrr_at_10_max": 0.44623859311256947,
    "nauc_mrr_at_10_std": 0.3128749721158007,
    "nauc_mrr_at_10_diff1": 0.43381179940392134,
    "nauc_mrr_at_100_max": 0.4495156909812891,
    "nauc_mrr_at_100_std": 0.31919646022421483,
    "nauc_mrr_at_100_diff1": 0.43637718790815827,
    "nauc_mrr_at_1000_max": 0.4495156909812891,
    "nauc_mrr_at_1000_std": 0.31919646022421483,
    "nauc_mrr_at_1000_diff1": 0.43637718790815827,
    "cv_recall_at_1": 0.15625,
    "cv_recall_at_3": 0.6875,
    "cv_recall_at_5": 0.8125,
    "cv_recall_at_10": 0.84375,
    "cv_recall_at_100": 1.0,
    "cv_recall_at_1000": 1.0
  }
}