{
  "task": "Core17InstructionRetrieval",
  "p-MRR": 0.05601491154299023,
  "original": {
    "ndcg_at_1": 0.35,
    "ndcg_at_3": 0.39386,
    "ndcg_at_5": 0.39023,
    "ndcg_at_10": 0.35741,
    "ndcg_at_100": 0.40854,
    "ndcg_at_1000": 0.64293,
    "map_at_1": 0.01154,
    "map_at_3": 0.03136,
    "map_at_5": 0.04799,
    "map_at_10": 0.07393,
    "map_at_100": 0.20852,
    "map_at_1000": 0.27631,
    "recall_at_1": 0.01154,
    "recall_at_3": 0.03879,
    "recall_at_5": 0.06524,
    "recall_at_10": 0.11269,
    "recall_at_100": 0.46136,
    "recall_at_1000": 1.0,
    "accuracy": 0.01154,
    "precision_at_1": 0.45,
    "precision_at_3": 0.5,
    "precision_at_5": 0.49,
    "precision_at_10": 0.425,
    "precision_at_100": 0.224,
    "precision_at_1000": 0.0545,
    "mrr_at_1_max": -0.16087212728344166,
    "mrr_at_1_std": 0.018791331107182622,
    "mrr_at_1_diff1": 0.7729326262031035,
    "mrr_at_3_max": -0.079043446513326,
    "mrr_at_3_std": 0.1923799092473791,
    "mrr_at_3_diff1": 0.6003494497470404,
    "mrr_at_5_max": -0.04883107088989473,
    "mrr_at_5_std": 0.25805566982037537,
    "mrr_at_5_diff1": 0.5655423008364185,
    "mrr_at_10_max": -0.007142541729223503,
    "mrr_at_10_std": 0.4013953899143337,
    "mrr_at_10_diff1": 0.40002649474520874,
    "mrr_at_100_max": 0.08812054824765023,
    "mrr_at_100_std": 0.33815880916957575,
    "mrr_at_100_diff1": 0.03747312327041843,
    "mrr_at_1000_max": 0.4315781271914105,
    "mrr_at_1000_std": 0.2765454800455035,
    "mrr_at_1000_diff1": -0.22506739804584577,
    "mrr_at_1": 0.45,
    "mrr_at_3": 0.6000000000000001,
    "mrr_at_5": 0.6325000000000001,
    "mrr_at_10": 0.6380555555555556,
    "mrr_at_100": 0.6380555555555556,
    "mrr_at_1000": 0.6380555555555556,
    "nauc_mrr_at_1_max": -0.16087212728344166,
    "nauc_mrr_at_1_std": 0.018791331107182622,
    "nauc_mrr_at_1_diff1": 0.7729326262031035,
    "nauc_mrr_at_3_max": -0.23275862068965544,
    "nauc_mrr_at_3_std": 0.09223733203820626,
    "nauc_mrr_at_3_diff1": 0.7472478549457667,
    "nauc_mrr_at_5_max": -0.25618929083579106,
    "nauc_mrr_at_5_std": 0.04209619668641816,
    "nauc_mrr_at_5_diff1": 0.7459617413891065,
    "nauc_mrr_at_10_max": -0.22364110425992337,
    "nauc_mrr_at_10_std": 0.06828401809369018,
    "nauc_mrr_at_10_diff1": 0.7432565979806915,
    "nauc_mrr_at_100_max": -0.22364110425992337,
    "nauc_mrr_at_100_std": 0.06828401809369018,
    "nauc_mrr_at_100_diff1": 0.7432565979806915,
    "nauc_mrr_at_1000_max": -0.22364110425992337,
    "nauc_mrr_at_1000_std": 0.06828401809369018,
    "nauc_mrr_at_1000_diff1": 0.7432565979806915,
    "cv_recall_at_1": 0.45,
    "cv_recall_at_3": 0.8,
    "cv_recall_at_5": 0.95,
    "cv_recall_at_10": 1.0,
    "cv_recall_at_100": 1.0,
    "cv_recall_at_1000": 1.0
  },
  "changed": {
    "ndcg_at_1": 0.25,
    "ndcg_at_3": 0.20559,
    "ndcg_at_5": 0.19353,
    "ndcg_at_10": 0.19896,
    "ndcg_at_100": 0.32718,
    "ndcg_at_1000": 0.52257,
    "map_at_1": 0.012,
    "map_at_3": 0.0202,
    "map_at_5": 0.02997,
    "map_at_10": 0.04539,
    "map_at_100": 0.14259,
    "map_at_1000": 0.18034,
    "recall_at_1": 0.012,
    "recall_at_3": 0.02421,
    "recall_at_5": 0.04808,
    "recall_at_10": 0.08254,
    "recall_at_100": 0.45749,
    "recall_at_1000": 1.0,
    "accuracy": 0.012,
    "precision_at_1": 0.3,
    "precision_at_3": 0.25,
    "precision_at_5": 0.25,
    "precision_at_10": 0.255,
    "precision_at_100": 0.137,
    "precision_at_1000": 0.0327,
    "mrr_at_1_max": -0.16849074449398743,
    "mrr_at_1_std": -0.11721389001486301,
    "mrr_at_1_diff1": 0.45520875557357116,
    "mrr_at_3_max": 0.16146648258935395,
    "mrr_at_3_std": 0.07587053229022837,
    "mrr_at_3_diff1": 0.5914404049700872,
    "mrr_at_5_max": 0.015745850467687943,
    "mrr_at_5_std": 0.11064709266401038,
    "mrr_at_5_diff1": 0.33865297338759515,
    "mrr_at_10_max": 0.006592279081697986,
    "mrr_at_10_std": 0.1893420546363984,
    "mrr_at_10_diff1": 0.06638450686161339,
    "mrr_at_100_max": 0.05915301243768363,
    "mrr_at_100_std": 0.14520272914433502,
    "mrr_at_100_diff1": -0.21229476119987087,
    "mrr_at_1000_max": 0.5012193090724278,
    "mrr_at_1000_std": 0.13897347415534486,
    "mrr_at_1000_diff1": -0.44655112770073874,
    "mrr_at_1": 0.3,
    "mrr_at_3": 0.36666666666666664,
    "mrr_at_5": 0.41666666666666663,
    "mrr_at_10": 0.44005952380952384,
    "mrr_at_100": 0.4507387955182073,
    "mrr_at_1000": 0.4507387955182073,
    "nauc_mrr_at_1_max": -0.16849074449398743,
    "nauc_mrr_at_1_std": -0.11721389001486301,
    "nauc_mrr_at_1_diff1": 0.45520875557357116,
    "nauc_mrr_at_3_max": -0.08034214481478202,
    "nauc_mrr_at_3_std": -0.08740385465476093,
    "nauc_mrr_at_3_diff1": 0.5274290513659269,
    "nauc_mrr_at_5_max": -0.12690089754917902,
    "nauc_mrr_at_5_std": -0.03197809607961697,
    "nauc_mrr_at_5_diff1": 0.4373692042970748,
    "nauc_mrr_at_10_max": -0.11508011607230462,
    "nauc_mrr_at_10_std": -0.022474664530622347,
    "nauc_mrr_at_10_diff1": 0.41749751472627855,
    "nauc_mrr_at_100_max": -0.12303614519230159,
    "nauc_mrr_at_100_std": -0.03938525037866188,
    "nauc_mrr_at_100_diff1": 0.4503029228309777,
    "nauc_mrr_at_1000_max": -0.12303614519230159,
    "nauc_mrr_at_1000_std": -0.03938525037866188,
    "nauc_mrr_at_1000_diff1": 0.4503029228309777,
    "cv_recall_at_1": 0.3,
    "cv_recall_at_3": 0.45,
    "cv_recall_at_5": 0.65,
    "cv_recall_at_10": 0.85,
    "cv_recall_at_100": 1.0,
    "cv_recall_at_1000": 1.0
  }
}