{
  "task": "Robust04InstructionRetrieval",
  "p-MRR": -0.04499797818616623,
  "original": {
    "ndcg_at_1": 0.25962,
    "ndcg_at_3": 0.25625,
    "ndcg_at_5": 0.24678,
    "ndcg_at_10": 0.25108,
    "ndcg_at_100": 0.31676,
    "ndcg_at_1000": 0.53207,
    "map_at_1": 0.02122,
    "map_at_3": 0.04201,
    "map_at_5": 0.05263,
    "map_at_10": 0.07848,
    "map_at_100": 0.14354,
    "map_at_1000": 0.18294,
    "recall_at_1": 0.02122,
    "recall_at_3": 0.05021,
    "recall_at_5": 0.06803,
    "recall_at_10": 0.12479,
    "recall_at_100": 0.42087,
    "recall_at_1000": 1.0,
    "accuracy": 0.02122,
    "precision_at_1": 0.38462,
    "precision_at_3": 0.33333,
    "precision_at_5": 0.30385,
    "precision_at_10": 0.26923,
    "precision_at_100": 0.11115,
    "precision_at_1000": 0.03369,
    "mrr_at_1_max": -0.04909895096789963,
    "mrr_at_1_std": -0.10003281654420208,
    "mrr_at_1_diff1": 0.16810707863488641,
    "mrr_at_3_max": -0.06810332544002069,
    "mrr_at_3_std": -0.09900677105528097,
    "mrr_at_3_diff1": 0.22724297143860628,
    "mrr_at_5_max": -0.16706304988346282,
    "mrr_at_5_std": -0.18546280388713937,
    "mrr_at_5_diff1": 0.1734559182272047,
    "mrr_at_10_max": -0.09720402168785286,
    "mrr_at_10_std": -0.12171508317683548,
    "mrr_at_10_diff1": 0.14563035422476747,
    "mrr_at_100_max": -0.09233860980619744,
    "mrr_at_100_std": -0.056162109687516976,
    "mrr_at_100_diff1": 0.07539664484236377,
    "mrr_at_1000_max": -0.13471687966276935,
    "mrr_at_1000_std": -0.06782375797092402,
    "mrr_at_1000_diff1": -0.10593096144771305,
    "mrr_at_1": 0.38461538461538464,
    "mrr_at_3": 0.47115384615384615,
    "mrr_at_5": 0.49326923076923074,
    "mrr_at_10": 0.5150564713064713,
    "mrr_at_100": 0.5252423482826025,
    "mrr_at_1000": 0.5253914240130736,
    "nauc_mrr_at_1_max": -0.04909895096789963,
    "nauc_mrr_at_1_std": -0.10003281654420208,
    "nauc_mrr_at_1_diff1": 0.16810707863488641,
    "nauc_mrr_at_3_max": -0.06968186871882795,
    "nauc_mrr_at_3_std": -0.11060175179153743,
    "nauc_mrr_at_3_diff1": 0.19403367009839992,
    "nauc_mrr_at_5_max": -0.08138153209775709,
    "nauc_mrr_at_5_std": -0.11817789887448155,
    "nauc_mrr_at_5_diff1": 0.19311781881817425,
    "nauc_mrr_at_10_max": -0.07182589119962143,
    "nauc_mrr_at_10_std": -0.11407760895839719,
    "nauc_mrr_at_10_diff1": 0.18417453719536162,
    "nauc_mrr_at_100_max": -0.06633372304397159,
    "nauc_mrr_at_100_std": -0.10829329345261343,
    "nauc_mrr_at_100_diff1": 0.18894775196582567,
    "nauc_mrr_at_1000_max": -0.06678598355163917,
    "nauc_mrr_at_1000_std": -0.1088287055482804,
    "nauc_mrr_at_1000_diff1": 0.18912101796119227,
    "cv_recall_at_1": 0.38462,
    "cv_recall_at_3": 0.57692,
    "cv_recall_at_5": 0.67308,
    "cv_recall_at_10": 0.82692,
    "cv_recall_at_100": 0.98077,
    "cv_recall_at_1000": 1.0
  },
  "changed": {
    "ndcg_at_1": 0.21154,
    "ndcg_at_3": 0.19429,
    "ndcg_at_5": 0.1926,
    "ndcg_at_10": 0.19744,
    "ndcg_at_100": 0.28659,
    "ndcg_at_1000": 0.463,
    "map_at_1": 0.02777,
    "map_at_3": 0.05134,
    "map_at_5": 0.07038,
    "map_at_10": 0.08905,
    "map_at_100": 0.13177,
    "map_at_1000": 0.15587,
    "recall_at_1": 0.02777,
    "recall_at_3": 0.06238,
    "recall_at_5": 0.1071,
    "recall_at_10": 0.15837,
    "recall_at_100": 0.43499,
    "recall_at_1000": 1.0,
    "accuracy": 0.02777,
    "precision_at_1": 0.26923,
    "precision_at_3": 0.21154,
    "precision_at_5": 0.2,
    "precision_at_10": 0.175,
    "precision_at_100": 0.06692,
    "precision_at_1000": 0.01981,
    "mrr_at_1_max": -0.13556591706435267,
    "mrr_at_1_std": -0.15487513049234958,
    "mrr_at_1_diff1": 0.07767165446691067,
    "mrr_at_3_max": -0.028381905663119395,
    "mrr_at_3_std": -0.011592727587954077,
    "mrr_at_3_diff1": 0.3574242893031724,
    "mrr_at_5_max": -0.005444873606382442,
    "mrr_at_5_std": 0.008786270955258578,
    "mrr_at_5_diff1": 0.29564045015169854,
    "mrr_at_10_max": 0.018687870299836568,
    "mrr_at_10_std": -0.0012483669527140462,
    "mrr_at_10_diff1": 0.3340241081447846,
    "mrr_at_100_max": -0.04445263537481588,
    "mrr_at_100_std": -0.009629499275162065,
    "mrr_at_100_diff1": 0.2122273076539963,
    "mrr_at_1000_max": -0.17880034094883676,
    "mrr_at_1000_std": -0.12348002163035514,
    "mrr_at_1000_diff1": -0.08351637429220196,
    "mrr_at_1": 0.2692307692307692,
    "mrr_at_3": 0.34615384615384615,
    "mrr_at_5": 0.36826923076923074,
    "mrr_at_10": 0.3881639194139194,
    "mrr_at_100": 0.39810723272669474,
    "mrr_at_1000": 0.39847705521190196,
    "nauc_mrr_at_1_max": -0.13556591706435267,
    "nauc_mrr_at_1_std": -0.15487513049234958,
    "nauc_mrr_at_1_diff1": 0.07767165446691067,
    "nauc_mrr_at_3_max": -0.13653675402220672,
    "nauc_mrr_at_3_std": -0.10462989464229577,
    "nauc_mrr_at_3_diff1": 0.21980492829486445,
    "nauc_mrr_at_5_max": -0.12287129825485264,
    "nauc_mrr_at_5_std": -0.10104642400511797,
    "nauc_mrr_at_5_diff1": 0.2226013931411795,
    "nauc_mrr_at_10_max": -0.124825917926349,
    "nauc_mrr_at_10_std": -0.0957240414362237,
    "nauc_mrr_at_10_diff1": 0.20154811876410425,
    "nauc_mrr_at_100_max": -0.12961526419359587,
    "nauc_mrr_at_100_std": -0.10020525173807297,
    "nauc_mrr_at_100_diff1": 0.20003375114486274,
    "nauc_mrr_at_1000_max": -0.1291632872029067,
    "nauc_mrr_at_1000_std": -0.1002082815791805,
    "nauc_mrr_at_1000_diff1": 0.2000812542744374,
    "cv_recall_at_1": 0.26923,
    "cv_recall_at_3": 0.44231,
    "cv_recall_at_5": 0.53846,
    "cv_recall_at_10": 0.67308,
    "cv_recall_at_100": 0.96154,
    "cv_recall_at_1000": 1.0
  }
}