{
  "task": "Robust04InstructionRetrieval",
  "p-MRR": -0.05151630377504057,
  "original": {
    "ndcg_at_1": 0.29808,
    "ndcg_at_3": 0.27704,
    "ndcg_at_5": 0.27835,
    "ndcg_at_10": 0.27516,
    "ndcg_at_100": 0.34242,
    "ndcg_at_1000": 0.54924,
    "map_at_1": 0.02297,
    "map_at_3": 0.04513,
    "map_at_5": 0.0618,
    "map_at_10": 0.08867,
    "map_at_100": 0.15857,
    "map_at_1000": 0.19794,
    "recall_at_1": 0.02297,
    "recall_at_3": 0.05466,
    "recall_at_5": 0.08534,
    "recall_at_10": 0.13693,
    "recall_at_100": 0.44808,
    "recall_at_1000": 1.0,
    "accuracy": 0.02297,
    "precision_at_1": 0.40385,
    "precision_at_3": 0.34615,
    "precision_at_5": 0.33846,
    "precision_at_10": 0.29231,
    "precision_at_100": 0.11808,
    "precision_at_1000": 0.03369,
    "mrr_at_1_max": -0.1262478402870457,
    "mrr_at_1_std": -0.14854084911232565,
    "mrr_at_1_diff1": 0.18568351119584522,
    "mrr_at_3_max": -0.021941971664782255,
    "mrr_at_3_std": -0.061092027433337436,
    "mrr_at_3_diff1": 0.23412929372589572,
    "mrr_at_5_max": -0.1499904450248498,
    "mrr_at_5_std": -0.13704601330706995,
    "mrr_at_5_diff1": 0.15107977125376193,
    "mrr_at_10_max": -0.15538003191523359,
    "mrr_at_10_std": -0.14273590566355246,
    "mrr_at_10_diff1": 0.1268769867976475,
    "mrr_at_100_max": -0.10385439405567519,
    "mrr_at_100_std": -0.06149105759296664,
    "mrr_at_100_diff1": 0.038033106458708804,
    "mrr_at_1000_max": -0.13471687966276935,
    "mrr_at_1000_std": -0.11164446009166885,
    "mrr_at_1000_diff1": -0.014984792497392978,
    "mrr_at_1": 0.40384615384615385,
    "mrr_at_3": 0.5,
    "mrr_at_5": 0.5355769230769231,
    "mrr_at_10": 0.5492750305250305,
    "mrr_at_100": 0.556868772885774,
    "mrr_at_1000": 0.556868772885774,
    "nauc_mrr_at_1_max": -0.1262478402870457,
    "nauc_mrr_at_1_std": -0.14854084911232565,
    "nauc_mrr_at_1_diff1": 0.18568351119584522,
    "nauc_mrr_at_3_max": -0.06426144559474407,
    "nauc_mrr_at_3_std": -0.1123465772778715,
    "nauc_mrr_at_3_diff1": 0.18509879117776104,
    "nauc_mrr_at_5_max": -0.1014524485000658,
    "nauc_mrr_at_5_std": -0.13631988343982768,
    "nauc_mrr_at_5_diff1": 0.18373877627329666,
    "nauc_mrr_at_10_max": -0.10716905601898814,
    "nauc_mrr_at_10_std": -0.13271068252853055,
    "nauc_mrr_at_10_diff1": 0.16932422939367772,
    "nauc_mrr_at_100_max": -0.0938806321259018,
    "nauc_mrr_at_100_std": -0.12342903060072506,
    "nauc_mrr_at_100_diff1": 0.1839425036089273,
    "nauc_mrr_at_1000_max": -0.0938806321259018,
    "nauc_mrr_at_1000_std": -0.12342903060072506,
    "nauc_mrr_at_1000_diff1": 0.1839425036089273,
    "cv_recall_at_1": 0.40385,
    "cv_recall_at_3": 0.61538,
    "cv_recall_at_5": 0.76923,
    "cv_recall_at_10": 0.86538,
    "cv_recall_at_100": 1.0,
    "cv_recall_at_1000": 1.0
  },
  "changed": {
    "ndcg_at_1": 0.22115,
    "ndcg_at_3": 0.21098,
    "ndcg_at_5": 0.20109,
    "ndcg_at_10": 0.20631,
    "ndcg_at_100": 0.30565,
    "ndcg_at_1000": 0.47462,
    "map_at_1": 0.02798,
    "map_at_3": 0.06117,
    "map_at_5": 0.0758,
    "map_at_10": 0.09671,
    "map_at_100": 0.14404,
    "map_at_1000": 0.16787,
    "recall_at_1": 0.02798,
    "recall_at_3": 0.08194,
    "recall_at_5": 0.10817,
    "recall_at_10": 0.16143,
    "recall_at_100": 0.46388,
    "recall_at_1000": 1.0,
    "accuracy": 0.02798,
    "precision_at_1": 0.28846,
    "precision_at_3": 0.24359,
    "precision_at_5": 0.21154,
    "precision_at_10": 0.17885,
    "precision_at_100": 0.07231,
    "precision_at_1000": 0.01981,
    "mrr_at_1_max": -0.1382447761838351,
    "mrr_at_1_std": -0.11397922134110486,
    "mrr_at_1_diff1": 0.21484345671610758,
    "mrr_at_3_max": 0.0444125637387702,
    "mrr_at_3_std": 0.07066361540257467,
    "mrr_at_3_diff1": 0.3885240805108221,
    "mrr_at_5_max": 0.036125035203569494,
    "mrr_at_5_std": 0.037322361897286035,
    "mrr_at_5_diff1": 0.440259514052928,
    "mrr_at_10_max": 0.01154549224386226,
    "mrr_at_10_std": 0.0028653975080985077,
    "mrr_at_10_diff1": 0.420260873576555,
    "mrr_at_100_max": -0.046001462244334594,
    "mrr_at_100_std": -0.037435514655784013,
    "mrr_at_100_diff1": 0.25591769162391653,
    "mrr_at_1000_max": -0.17880034094883676,
    "mrr_at_1000_std": -0.1829401156743367,
    "mrr_at_1000_diff1": -0.012258582088011583,
    "mrr_at_1": 0.28846153846153844,
    "mrr_at_3": 0.38461538461538464,
    "mrr_at_5": 0.4028846153846154,
    "mrr_at_10": 0.4183913308913309,
    "mrr_at_100": 0.4288214790225631,
    "mrr_at_1000": 0.4288214790225631,
    "nauc_mrr_at_1_max": -0.1382447761838351,
    "nauc_mrr_at_1_std": -0.11397922134110486,
    "nauc_mrr_at_1_diff1": 0.21484345671610758,
    "nauc_mrr_at_3_max": -0.05363504780029383,
    "nauc_mrr_at_3_std": -0.017403042414782053,
    "nauc_mrr_at_3_diff1": 0.2893209850514483,
    "nauc_mrr_at_5_max": -0.04958999671322326,
    "nauc_mrr_at_5_std": -0.016800110347214715,
    "nauc_mrr_at_5_diff1": 0.29801065174530195,
    "nauc_mrr_at_10_max": -0.07383959065254671,
    "nauc_mrr_at_10_std": -0.034961402541893165,
    "nauc_mrr_at_10_diff1": 0.2991561268033374,
    "nauc_mrr_at_100_max": -0.06968718728925505,
    "nauc_mrr_at_100_std": -0.031894567879440505,
    "nauc_mrr_at_100_diff1": 0.2915748822739925,
    "nauc_mrr_at_1000_max": -0.06968718728925505,
    "nauc_mrr_at_1000_std": -0.031894567879440505,
    "nauc_mrr_at_1000_diff1": 0.2915748822739925,
    "cv_recall_at_1": 0.28846,
    "cv_recall_at_3": 0.5,
    "cv_recall_at_5": 0.57692,
    "cv_recall_at_10": 0.69231,
    "cv_recall_at_100": 1.0,
    "cv_recall_at_1000": 1.0
  }
}