{
  "task": "Core17InstructionRetrieval",
  "p-MRR": 0.06083072877554698,
  "original": {
    "ndcg_at_1": 0.375,
    "ndcg_at_3": 0.36944,
    "ndcg_at_5": 0.36827,
    "ndcg_at_10": 0.32821,
    "ndcg_at_100": 0.39833,
    "ndcg_at_1000": 0.63559,
    "map_at_1": 0.01864,
    "map_at_3": 0.03244,
    "map_at_5": 0.04497,
    "map_at_10": 0.06814,
    "map_at_100": 0.19835,
    "map_at_1000": 0.26537,
    "recall_at_1": 0.01864,
    "recall_at_3": 0.03583,
    "recall_at_5": 0.05372,
    "recall_at_10": 0.10343,
    "recall_at_100": 0.45128,
    "recall_at_1000": 1.0,
    "accuracy": 0.01864,
    "precision_at_1": 0.5,
    "precision_at_3": 0.45,
    "precision_at_5": 0.46,
    "precision_at_10": 0.39,
    "precision_at_100": 0.219,
    "precision_at_1000": 0.0545,
    "mrr_at_1_max": -0.18281145902731494,
    "mrr_at_1_std": 0.11818787475016662,
    "mrr_at_1_diff1": 0.6367754830113257,
    "mrr_at_3_max": -0.04060940793511029,
    "mrr_at_3_std": 0.3135889431414925,
    "mrr_at_3_diff1": 0.5637557031937882,
    "mrr_at_5_max": 0.017876147699190173,
    "mrr_at_5_std": 0.29906019445496695,
    "mrr_at_5_diff1": 0.528167108609774,
    "mrr_at_10_max": 0.025643341877350588,
    "mrr_at_10_std": 0.3589390363704115,
    "mrr_at_10_diff1": 0.46066552997369076,
    "mrr_at_100_max": 0.11108918402181571,
    "mrr_at_100_std": 0.3273805557406543,
    "mrr_at_100_diff1": 0.1263794844457205,
    "mrr_at_1000_max": 0.4543547708466446,
    "mrr_at_1000_std": 0.29912577332439916,
    "mrr_at_1000_diff1": -0.0848218042417912,
    "mrr_at_1": 0.5,
    "mrr_at_3": 0.6166666666666667,
    "mrr_at_5": 0.6641666666666667,
    "mrr_at_10": 0.6697222222222222,
    "mrr_at_100": 0.6697222222222222,
    "mrr_at_1000": 0.6697222222222222,
    "nauc_mrr_at_1_max": -0.18281145902731494,
    "nauc_mrr_at_1_std": 0.11818787475016662,
    "nauc_mrr_at_1_diff1": 0.6367754830113257,
    "nauc_mrr_at_3_max": -0.29338667233725807,
    "nauc_mrr_at_3_std": 0.14998272241567234,
    "nauc_mrr_at_3_diff1": 0.5368942877648124,
    "nauc_mrr_at_5_max": -0.32872025211109046,
    "nauc_mrr_at_5_std": 0.08656822887635449,
    "nauc_mrr_at_5_diff1": 0.5167073006912676,
    "nauc_mrr_at_10_max": -0.29690234212386357,
    "nauc_mrr_at_10_std": 0.11448687525426052,
    "nauc_mrr_at_10_diff1": 0.5410615052894222,
    "nauc_mrr_at_100_max": -0.29690234212386357,
    "nauc_mrr_at_100_std": 0.11448687525426052,
    "nauc_mrr_at_100_diff1": 0.5410615052894222,
    "nauc_mrr_at_1000_max": -0.29690234212386357,
    "nauc_mrr_at_1000_std": 0.11448687525426052,
    "nauc_mrr_at_1000_diff1": 0.5410615052894222,
    "cv_recall_at_1": 0.5,
    "cv_recall_at_3": 0.75,
    "cv_recall_at_5": 0.95,
    "cv_recall_at_10": 1.0,
    "cv_recall_at_100": 1.0,
    "cv_recall_at_1000": 1.0
  },
  "changed": {
    "ndcg_at_1": 0.275,
    "ndcg_at_3": 0.22039,
    "ndcg_at_5": 0.21816,
    "ndcg_at_10": 0.21069,
    "ndcg_at_100": 0.33483,
    "ndcg_at_1000": 0.52382,
    "map_at_1": 0.01329,
    "map_at_3": 0.02229,
    "map_at_5": 0.03399,
    "map_at_10": 0.05144,
    "map_at_100": 0.14329,
    "map_at_1000": 0.1795,
    "recall_at_1": 0.01329,
    "recall_at_3": 0.02461,
    "recall_at_5": 0.05274,
    "recall_at_10": 0.09435,
    "recall_at_100": 0.47205,
    "recall_at_1000": 1.0,
    "accuracy": 0.01329,
    "precision_at_1": 0.35,
    "precision_at_3": 0.25,
    "precision_at_5": 0.28,
    "precision_at_10": 0.26,
    "precision_at_100": 0.139,
    "precision_at_1000": 0.0327,
    "mrr_at_1_max": -0.0017799459423825578,
    "mrr_at_1_std": 0.1313204561935526,
    "mrr_at_1_diff1": 0.5237655745269958,
    "mrr_at_3_max": 0.02552958862921948,
    "mrr_at_3_std": 0.08891622249555806,
    "mrr_at_3_diff1": 0.5568675686756868,
    "mrr_at_5_max": 0.11264814745578933,
    "mrr_at_5_std": 0.14328709761842418,
    "mrr_at_5_diff1": 0.4221034134669308,
    "mrr_at_10_max": -0.02139710509754573,
    "mrr_at_10_std": 0.10255649096975693,
    "mrr_at_10_diff1": 0.16482420413930676,
    "mrr_at_100_max": 0.026029988557520048,
    "mrr_at_100_std": 0.09881209860375235,
    "mrr_at_100_diff1": -0.026731088490717196,
    "mrr_at_1000_max": 0.5012193090724278,
    "mrr_at_1000_std": 0.2053414706020521,
    "mrr_at_1000_diff1": -0.30802395056139525,
    "mrr_at_1": 0.35,
    "mrr_at_3": 0.375,
    "mrr_at_5": 0.4325,
    "mrr_at_10": 0.4592261904761905,
    "mrr_at_100": 0.46902805527805524,
    "mrr_at_1000": 0.46902805527805524,
    "nauc_mrr_at_1_max": -0.0017799459423825578,
    "nauc_mrr_at_1_std": 0.1313204561935526,
    "nauc_mrr_at_1_diff1": 0.5237655745269958,
    "nauc_mrr_at_3_max": -0.052141345057808285,
    "nauc_mrr_at_3_std": 0.06910926559192293,
    "nauc_mrr_at_3_diff1": 0.5978505129457741,
    "nauc_mrr_at_5_max": -0.040376542598430785,
    "nauc_mrr_at_5_std": 0.11604712247539875,
    "nauc_mrr_at_5_diff1": 0.5352308475282562,
    "nauc_mrr_at_10_max": -0.009619173490308492,
    "nauc_mrr_at_10_std": 0.1467242864583309,
    "nauc_mrr_at_10_diff1": 0.5183269559039141,
    "nauc_mrr_at_100_max": -0.021544038486295696,
    "nauc_mrr_at_100_std": 0.12552328212654476,
    "nauc_mrr_at_100_diff1": 0.5381575801523419,
    "nauc_mrr_at_1000_max": -0.021544038486295696,
    "nauc_mrr_at_1000_std": 0.12552328212654476,
    "nauc_mrr_at_1000_diff1": 0.5381575801523419,
    "cv_recall_at_1": 0.35,
    "cv_recall_at_3": 0.4,
    "cv_recall_at_5": 0.65,
    "cv_recall_at_10": 0.85,
    "cv_recall_at_100": 1.0,
    "cv_recall_at_1000": 1.0
  }
}