{
  "task": "Core17InstructionRetrieval",
  "p-MRR": 0.05694501200959538,
  "original": {
    "ndcg_at_1": 0.4,
    "ndcg_at_3": 0.36299,
    "ndcg_at_5": 0.33324,
    "ndcg_at_10": 0.30973,
    "ndcg_at_100": 0.38029,
    "ndcg_at_1000": 0.62669,
    "map_at_1": 0.01231,
    "map_at_3": 0.03015,
    "map_at_5": 0.04272,
    "map_at_10": 0.06185,
    "map_at_100": 0.18825,
    "map_at_1000": 0.25884,
    "recall_at_1": 0.01231,
    "recall_at_3": 0.03616,
    "recall_at_5": 0.05175,
    "recall_at_10": 0.08786,
    "recall_at_100": 0.43848,
    "recall_at_1000": 1.0,
    "accuracy": 0.01231,
    "precision_at_1": 0.5,
    "precision_at_3": 0.45,
    "precision_at_5": 0.4,
    "precision_at_10": 0.37,
    "precision_at_100": 0.209,
    "precision_at_1000": 0.0545,
    "mrr_at_1_max": -0.266755496335776,
    "mrr_at_1_std": -0.09886742171885386,
    "mrr_at_1_diff1": 0.34603597601598945,
    "mrr_at_3_max": -0.1567544491581953,
    "mrr_at_3_std": 0.1117158942341043,
    "mrr_at_3_diff1": 0.3545985752021131,
    "mrr_at_5_max": -0.08461660079051406,
    "mrr_at_5_std": 0.17767588932806327,
    "mrr_at_5_diff1": 0.3051857707509884,
    "mrr_at_10_max": -0.009628317270678062,
    "mrr_at_10_std": 0.2586288459933032,
    "mrr_at_10_diff1": 0.10172808815754093,
    "mrr_at_100_max": 0.053062204585092546,
    "mrr_at_100_std": 0.23878876728256213,
    "mrr_at_100_diff1": -0.2791699315016557,
    "mrr_at_1000_max": 0.4543547708466446,
    "mrr_at_1000_std": 0.25836904520733683,
    "mrr_at_1000_diff1": -0.5226644434401828,
    "mrr_at_1": 0.5,
    "mrr_at_3": 0.625,
    "mrr_at_5": 0.625,
    "mrr_at_10": 0.6376984126984127,
    "mrr_at_100": 0.6467460317460316,
    "mrr_at_1000": 0.6467460317460316,
    "nauc_mrr_at_1_max": -0.266755496335776,
    "nauc_mrr_at_1_std": -0.09886742171885386,
    "nauc_mrr_at_1_diff1": 0.34603597601598945,
    "nauc_mrr_at_3_max": -0.34585792794626474,
    "nauc_mrr_at_3_std": -0.021005495623854904,
    "nauc_mrr_at_3_diff1": 0.43334011805414197,
    "nauc_mrr_at_5_max": -0.34585792794626474,
    "nauc_mrr_at_5_std": -0.021005495623854904,
    "nauc_mrr_at_5_diff1": 0.43334011805414197,
    "nauc_mrr_at_10_max": -0.34922182179461364,
    "nauc_mrr_at_10_std": -0.024453681877188438,
    "nauc_mrr_at_10_diff1": 0.445990141134553,
    "nauc_mrr_at_100_max": -0.34765726867291,
    "nauc_mrr_at_100_std": -0.03230800761251706,
    "nauc_mrr_at_100_diff1": 0.4321126228013163,
    "nauc_mrr_at_1000_max": -0.34765726867291,
    "nauc_mrr_at_1000_std": -0.03230800761251706,
    "nauc_mrr_at_1000_diff1": 0.4321126228013163,
    "cv_recall_at_1": 0.5,
    "cv_recall_at_3": 0.75,
    "cv_recall_at_5": 0.75,
    "cv_recall_at_10": 0.85,
    "cv_recall_at_100": 1.0,
    "cv_recall_at_1000": 1.0
  },
  "changed": {
    "ndcg_at_1": 0.25,
    "ndcg_at_3": 0.18212,
    "ndcg_at_5": 0.18299,
    "ndcg_at_10": 0.18734,
    "ndcg_at_100": 0.32145,
    "ndcg_at_1000": 0.51772,
    "map_at_1": 0.012,
    "map_at_3": 0.01843,
    "map_at_5": 0.02861,
    "map_at_10": 0.04178,
    "map_at_100": 0.13499,
    "map_at_1000": 0.17356,
    "recall_at_1": 0.012,
    "recall_at_3": 0.02265,
    "recall_at_5": 0.04745,
    "recall_at_10": 0.08668,
    "recall_at_100": 0.45933,
    "recall_at_1000": 1.0,
    "accuracy": 0.012,
    "precision_at_1": 0.3,
    "precision_at_3": 0.23333,
    "precision_at_5": 0.24,
    "precision_at_10": 0.235,
    "precision_at_100": 0.133,
    "precision_at_1000": 0.0327,
    "mrr_at_1_max": -0.16849074449398743,
    "mrr_at_1_std": -0.12734765572219983,
    "mrr_at_1_diff1": 0.41339008242129444,
    "mrr_at_3_max": 0.0014964595955909855,
    "mrr_at_3_std": 0.1885174100299291,
    "mrr_at_3_diff1": 0.22209650339440826,
    "mrr_at_5_max": -0.20368371339900143,
    "mrr_at_5_std": -0.028875995142355802,
    "mrr_at_5_diff1": 0.20231187873881165,
    "mrr_at_10_max": -0.08805050218633842,
    "mrr_at_10_std": 0.1460593669318135,
    "mrr_at_10_diff1": 0.15281985464205253,
    "mrr_at_100_max": 0.06035783869816958,
    "mrr_at_100_std": 0.11827337339809536,
    "mrr_at_100_diff1": -0.03205867017919404,
    "mrr_at_1000_max": 0.5012193090724278,
    "mrr_at_1000_std": 0.2237165223853187,
    "mrr_at_1000_diff1": -0.3487288008917414,
    "mrr_at_1": 0.3,
    "mrr_at_3": 0.37499999999999994,
    "mrr_at_5": 0.41,
    "mrr_at_10": 0.44083333333333324,
    "mrr_at_100": 0.44831996434937604,
    "mrr_at_1000": 0.44831996434937604,
    "nauc_mrr_at_1_max": -0.16849074449398743,
    "nauc_mrr_at_1_std": -0.12734765572219983,
    "nauc_mrr_at_1_diff1": 0.41339008242129444,
    "nauc_mrr_at_3_max": -0.1317819074725153,
    "nauc_mrr_at_3_std": 0.016820135052179143,
    "nauc_mrr_at_3_diff1": 0.30513979574753036,
    "nauc_mrr_at_5_max": -0.18523319079161893,
    "nauc_mrr_at_5_std": 0.012421159525606233,
    "nauc_mrr_at_5_diff1": 0.25586587104167247,
    "nauc_mrr_at_10_max": -0.16876685590625978,
    "nauc_mrr_at_10_std": 0.01864960556711342,
    "nauc_mrr_at_10_diff1": 0.2932506486520892,
    "nauc_mrr_at_100_max": -0.15689979144522617,
    "nauc_mrr_at_100_std": 0.0054723276265978395,
    "nauc_mrr_at_100_diff1": 0.2902289088846468,
    "nauc_mrr_at_1000_max": -0.15689979144522617,
    "nauc_mrr_at_1000_std": 0.0054723276265978395,
    "nauc_mrr_at_1000_diff1": 0.2902289088846468,
    "cv_recall_at_1": 0.3,
    "cv_recall_at_3": 0.5,
    "cv_recall_at_5": 0.65,
    "cv_recall_at_10": 0.9,
    "cv_recall_at_100": 1.0,
    "cv_recall_at_1000": 1.0
  }
}