{
  "task": "News21InstructionRetrieval",
  "p-MRR": -0.022675561904811167,
  "original": {
    "ndcg_at_1": 0.37109,
    "ndcg_at_3": 0.35657,
    "ndcg_at_5": 0.38878,
    "ndcg_at_10": 0.39114,
    "ndcg_at_100": 0.53529,
    "ndcg_at_1000": 0.64023,
    "map_at_1": 0.02375,
    "map_at_3": 0.06643,
    "map_at_5": 0.10524,
    "map_at_10": 0.17211,
    "map_at_100": 0.38103,
    "map_at_1000": 0.42938,
    "recall_at_1": 0.02375,
    "recall_at_3": 0.07607,
    "recall_at_5": 0.12691,
    "recall_at_10": 0.21931,
    "recall_at_100": 0.66949,
    "recall_at_1000": 1.0,
    "accuracy": 0.02375,
    "precision_at_1": 0.59375,
    "precision_at_3": 0.625,
    "precision_at_5": 0.6375,
    "precision_at_10": 0.59063,
    "precision_at_100": 0.22625,
    "precision_at_1000": 0.03725,
    "mrr_at_1_max": 0.11492056569414416,
    "mrr_at_1_std": -0.0791171991477135,
    "mrr_at_1_diff1": 0.28128379986461743,
    "mrr_at_3_max": 0.1451560534055812,
    "mrr_at_3_std": 0.07691241137281672,
    "mrr_at_3_diff1": 0.18111880520063414,
    "mrr_at_5_max": 0.1081691295510998,
    "mrr_at_5_std": -0.058800310979956506,
    "mrr_at_5_diff1": 0.26677922176021407,
    "mrr_at_10_max": 0.12400419489127924,
    "mrr_at_10_std": -0.04023746916183567,
    "mrr_at_10_diff1": 0.2863734305518441,
    "mrr_at_100_max": 0.1391524418422787,
    "mrr_at_100_std": 0.02911658234042256,
    "mrr_at_100_diff1": 0.20849042542636947,
    "mrr_at_1000_max": 0.1774629062920588,
    "mrr_at_1000_std": 0.06575291784831858,
    "mrr_at_1000_diff1": 0.22169246345182844,
    "mrr_at_1": 0.59375,
    "mrr_at_3": 0.7083333333333334,
    "mrr_at_5": 0.7317708333333334,
    "mrr_at_10": 0.7317708333333334,
    "mrr_at_100": 0.7331295289855073,
    "mrr_at_1000": 0.7331295289855073,
    "nauc_mrr_at_1_max": 0.11492056569414416,
    "nauc_mrr_at_1_std": -0.0791171991477135,
    "nauc_mrr_at_1_diff1": 0.28128379986461743,
    "nauc_mrr_at_3_max": 0.10345581936730602,
    "nauc_mrr_at_3_std": 0.034527552170638035,
    "nauc_mrr_at_3_diff1": 0.17120200241872463,
    "nauc_mrr_at_5_max": 0.054379095101103975,
    "nauc_mrr_at_5_std": -0.005112946309530475,
    "nauc_mrr_at_5_diff1": 0.195385840311449,
    "nauc_mrr_at_10_max": 0.054379095101103975,
    "nauc_mrr_at_10_std": -0.005112946309530475,
    "nauc_mrr_at_10_diff1": 0.195385840311449,
    "nauc_mrr_at_100_max": 0.06604067280412847,
    "nauc_mrr_at_100_std": -0.0073844559750529705,
    "nauc_mrr_at_100_diff1": 0.20398855959745033,
    "nauc_mrr_at_1000_max": 0.06604067280412847,
    "nauc_mrr_at_1000_std": -0.0073844559750529705,
    "nauc_mrr_at_1000_diff1": 0.20398855959745033,
    "cv_recall_at_1": 0.59375,
    "cv_recall_at_3": 0.875,
    "cv_recall_at_5": 0.96875,
    "cv_recall_at_10": 0.96875,
    "cv_recall_at_100": 1.0,
    "cv_recall_at_1000": 1.0
  },
  "changed": {
    "ndcg_at_1": 0.125,
    "ndcg_at_3": 0.13397,
    "ndcg_at_5": 0.17187,
    "ndcg_at_10": 0.21959,
    "ndcg_at_100": 0.38282,
    "ndcg_at_1000": 0.45434,
    "map_at_1": 0.00764,
    "map_at_3": 0.03543,
    "map_at_5": 0.06106,
    "map_at_10": 0.1008,
    "map_at_100": 0.20484,
    "map_at_1000": 0.2256,
    "recall_at_1": 0.00764,
    "recall_at_3": 0.05461,
    "recall_at_5": 0.10611,
    "recall_at_10": 0.22101,
    "recall_at_100": 0.69667,
    "recall_at_1000": 1.0,
    "accuracy": 0.00764,
    "precision_at_1": 0.125,
    "precision_at_3": 0.21875,
    "precision_at_5": 0.26875,
    "precision_at_10": 0.26562,
    "precision_at_100": 0.10094,
    "precision_at_1000": 0.01634,
    "mrr_at_1_max": 0.015131998606901688,
    "mrr_at_1_std": -0.08271704322005975,
    "mrr_at_1_diff1": -0.021209948689242527,
    "mrr_at_3_max": -0.042180860873859416,
    "mrr_at_3_std": -0.13708554305787302,
    "mrr_at_3_diff1": 0.06833244294455376,
    "mrr_at_5_max": 0.1310363676286701,
    "mrr_at_5_std": -0.045119384686976766,
    "mrr_at_5_diff1": 0.26434766079006994,
    "mrr_at_10_max": 0.24135519385841508,
    "mrr_at_10_std": -0.05004355993519878,
    "mrr_at_10_diff1": 0.28504922103871794,
    "mrr_at_100_max": 0.032127281841555305,
    "mrr_at_100_std": -0.0648489341366212,
    "mrr_at_100_diff1": 0.023464381320933914,
    "mrr_at_1000_max": 0.04617389144666796,
    "mrr_at_1000_std": 0.04090999938355984,
    "mrr_at_1000_diff1": -0.005698793259878878,
    "mrr_at_1": 0.125,
    "mrr_at_3": 0.2552083333333333,
    "mrr_at_5": 0.31302083333333336,
    "mrr_at_10": 0.34014136904761905,
    "mrr_at_100": 0.3455147328985596,
    "mrr_at_1000": 0.3455147328985596,
    "nauc_mrr_at_1_max": 0.015131998606901688,
    "nauc_mrr_at_1_std": -0.08271704322005975,
    "nauc_mrr_at_1_diff1": -0.021209948689242527,
    "nauc_mrr_at_3_max": -0.04365522750178154,
    "nauc_mrr_at_3_std": -0.07965030835112442,
    "nauc_mrr_at_3_diff1": 0.059239149893859123,
    "nauc_mrr_at_5_max": -0.03440121883963712,
    "nauc_mrr_at_5_std": -0.07604877575265893,
    "nauc_mrr_at_5_diff1": 0.08189533928958516,
    "nauc_mrr_at_10_max": -0.051952770184123254,
    "nauc_mrr_at_10_std": -0.07184804815848668,
    "nauc_mrr_at_10_diff1": 0.048013518296078236,
    "nauc_mrr_at_100_max": -0.05288490355759731,
    "nauc_mrr_at_100_std": -0.07968696865087992,
    "nauc_mrr_at_100_diff1": 0.04375021270234911,
    "nauc_mrr_at_1000_max": -0.05288490355759731,
    "nauc_mrr_at_1000_std": -0.07968696865087992,
    "nauc_mrr_at_1000_diff1": 0.04375021270234911,
    "cv_recall_at_1": 0.125,
    "cv_recall_at_3": 0.4375,
    "cv_recall_at_5": 0.6875,
    "cv_recall_at_10": 0.875,
    "cv_recall_at_100": 1.0,
    "cv_recall_at_1000": 1.0
  }
}