{
  "task": "News21InstructionRetrieval",
  "p-MRR": -0.02776304853490774,
  "original": {
    "ndcg_at_1": 0.39844,
    "ndcg_at_3": 0.37705,
    "ndcg_at_5": 0.39138,
    "ndcg_at_10": 0.40519,
    "ndcg_at_100": 0.53608,
    "ndcg_at_1000": 0.64515,
    "map_at_1": 0.02534,
    "map_at_3": 0.06776,
    "map_at_5": 0.10286,
    "map_at_10": 0.17366,
    "map_at_100": 0.37371,
    "map_at_1000": 0.42409,
    "recall_at_1": 0.02534,
    "recall_at_3": 0.07408,
    "recall_at_5": 0.12272,
    "recall_at_10": 0.22194,
    "recall_at_100": 0.65696,
    "recall_at_1000": 1.0,
    "accuracy": 0.02534,
    "precision_at_1": 0.65625,
    "precision_at_3": 0.63542,
    "precision_at_5": 0.63125,
    "precision_at_10": 0.59375,
    "precision_at_100": 0.22,
    "precision_at_1000": 0.03725,
    "mrr_at_1_max": 0.16233736935785012,
    "mrr_at_1_std": -0.0583288009955251,
    "mrr_at_1_diff1": 0.38223462465641744,
    "mrr_at_3_max": 0.12730016089013454,
    "mrr_at_3_std": -0.03577255652899651,
    "mrr_at_3_diff1": 0.4125682508231621,
    "mrr_at_5_max": 0.09997893881956958,
    "mrr_at_5_std": -0.05451284965944796,
    "mrr_at_5_diff1": 0.4262285692108045,
    "mrr_at_10_max": 0.11179189891050764,
    "mrr_at_10_std": -0.16319630816030198,
    "mrr_at_10_diff1": 0.31061392559171497,
    "mrr_at_100_max": 0.19094034181725483,
    "mrr_at_100_std": -0.0055370656734422775,
    "mrr_at_100_diff1": 0.1811524192464548,
    "mrr_at_1000_max": 0.1774629062920588,
    "mrr_at_1000_std": 0.008779615607601573,
    "mrr_at_1000_diff1": 0.06590947519693116,
    "mrr_at_1": 0.65625,
    "mrr_at_3": 0.7395833333333334,
    "mrr_at_5": 0.7692708333333333,
    "mrr_at_10": 0.7692708333333333,
    "mrr_at_100": 0.7712239583333333,
    "mrr_at_1000": 0.7712239583333333,
    "nauc_mrr_at_1_max": 0.16233736935785012,
    "nauc_mrr_at_1_std": -0.0583288009955251,
    "nauc_mrr_at_1_diff1": 0.38223462465641744,
    "nauc_mrr_at_3_max": 0.08420565984470954,
    "nauc_mrr_at_3_std": 0.026855753712874388,
    "nauc_mrr_at_3_diff1": 0.35179802048478886,
    "nauc_mrr_at_5_max": 0.04331358085535106,
    "nauc_mrr_at_5_std": -0.001528087482705512,
    "nauc_mrr_at_5_diff1": 0.31681135499231966,
    "nauc_mrr_at_10_max": 0.04331358085535106,
    "nauc_mrr_at_10_std": -0.001528087482705512,
    "nauc_mrr_at_10_diff1": 0.31681135499231966,
    "nauc_mrr_at_100_max": 0.061831962873588976,
    "nauc_mrr_at_100_std": -0.007111283402306775,
    "nauc_mrr_at_100_diff1": 0.33177410343222813,
    "nauc_mrr_at_1000_max": 0.061831962873588976,
    "nauc_mrr_at_1000_std": -0.007111283402306775,
    "nauc_mrr_at_1000_diff1": 0.33177410343222813,
    "cv_recall_at_1": 0.65625,
    "cv_recall_at_3": 0.84375,
    "cv_recall_at_5": 0.96875,
    "cv_recall_at_10": 0.96875,
    "cv_recall_at_100": 1.0,
    "cv_recall_at_1000": 1.0
  },
  "changed": {
    "ndcg_at_1": 0.14844,
    "ndcg_at_3": 0.15513,
    "ndcg_at_5": 0.18399,
    "ndcg_at_10": 0.23586,
    "ndcg_at_100": 0.39258,
    "ndcg_at_1000": 0.4633,
    "map_at_1": 0.00955,
    "map_at_3": 0.03828,
    "map_at_5": 0.06537,
    "map_at_10": 0.10431,
    "map_at_100": 0.21164,
    "map_at_1000": 0.23185,
    "recall_at_1": 0.00955,
    "recall_at_3": 0.05998,
    "recall_at_5": 0.11009,
    "recall_at_10": 0.22419,
    "recall_at_100": 0.7041,
    "recall_at_1000": 1.0,
    "accuracy": 0.00955,
    "precision_at_1": 0.1875,
    "precision_at_3": 0.22917,
    "precision_at_5": 0.25625,
    "precision_at_10": 0.27188,
    "precision_at_100": 0.10187,
    "precision_at_1000": 0.01634,
    "mrr_at_1_max": -0.11452204467299934,
    "mrr_at_1_std": -0.15151778150272097,
    "mrr_at_1_diff1": -0.002656669970274012,
    "mrr_at_3_max": 0.0022872995283899273,
    "mrr_at_3_std": -0.27351592746579456,
    "mrr_at_3_diff1": 0.2357492365725737,
    "mrr_at_5_max": 0.06270096995754637,
    "mrr_at_5_std": -0.18103616875323097,
    "mrr_at_5_diff1": 0.26515120548138177,
    "mrr_at_10_max": 0.17025908756042415,
    "mrr_at_10_std": -0.14746237112660676,
    "mrr_at_10_diff1": 0.28895499358750476,
    "mrr_at_100_max": 0.0428791833062233,
    "mrr_at_100_std": -0.09033758758079297,
    "mrr_at_100_diff1": -0.011172707351578354,
    "mrr_at_1000_max": 0.04617389144666796,
    "mrr_at_1000_std": 0.025973770464910506,
    "mrr_at_1000_diff1": -0.1242532790574316,
    "mrr_at_1": 0.1875,
    "mrr_at_3": 0.3229166666666667,
    "mrr_at_5": 0.3651041666666667,
    "mrr_at_10": 0.39325396825396824,
    "mrr_at_100": 0.39572190629527404,
    "mrr_at_1000": 0.39572190629527404,
    "nauc_mrr_at_1_max": -0.11452204467299934,
    "nauc_mrr_at_1_std": -0.15151778150272097,
    "nauc_mrr_at_1_diff1": -0.002656669970274012,
    "nauc_mrr_at_3_max": -0.013477548842458078,
    "nauc_mrr_at_3_std": -0.21259594250225844,
    "nauc_mrr_at_3_diff1": 0.09626051204437022,
    "nauc_mrr_at_5_max": -0.03806750466619831,
    "nauc_mrr_at_5_std": -0.2007796161862644,
    "nauc_mrr_at_5_diff1": 0.09927784339494364,
    "nauc_mrr_at_10_max": -0.050216094482764984,
    "nauc_mrr_at_10_std": -0.19696111478556716,
    "nauc_mrr_at_10_diff1": 0.08114455920644299,
    "nauc_mrr_at_100_max": -0.04875882827254732,
    "nauc_mrr_at_100_std": -0.19359536176765496,
    "nauc_mrr_at_100_diff1": 0.0804023444413332,
    "nauc_mrr_at_1000_max": -0.04875882827254732,
    "nauc_mrr_at_1000_std": -0.19359536176765496,
    "nauc_mrr_at_1000_diff1": 0.0804023444413332,
    "cv_recall_at_1": 0.1875,
    "cv_recall_at_3": 0.5,
    "cv_recall_at_5": 0.6875,
    "cv_recall_at_10": 0.90625,
    "cv_recall_at_100": 1.0,
    "cv_recall_at_1000": 1.0
  }
}