{
  "task": "News21InstructionRetrieval",
  "p-MRR": 0.0003805973331318245,
  "original": {
    "ndcg_at_1": 0.35156,
    "ndcg_at_3": 0.39512,
    "ndcg_at_5": 0.41397,
    "ndcg_at_10": 0.41266,
    "ndcg_at_100": 0.50391,
    "ndcg_at_1000": 0.63553,
    "map_at_1": 0.02499,
    "map_at_3": 0.07153,
    "map_at_5": 0.10089,
    "map_at_10": 0.1613,
    "map_at_100": 0.31455,
    "map_at_1000": 0.35998,
    "recall_at_1": 0.02499,
    "recall_at_3": 0.0809,
    "recall_at_5": 0.11963,
    "recall_at_10": 0.20123,
    "recall_at_100": 0.53713,
    "recall_at_1000": 1.0,
    "accuracy": 0.02499,
    "precision_at_1": 0.625,
    "precision_at_3": 0.66667,
    "precision_at_5": 0.64375,
    "precision_at_10": 0.56875,
    "precision_at_100": 0.18063,
    "precision_at_1000": 0.03725,
    "mrr_at_1_max": -0.2761158769441459,
    "mrr_at_1_std": -0.32064183908559757,
    "mrr_at_1_diff1": -0.29916801664401305,
    "mrr_at_3_max": 0.08593976159546829,
    "mrr_at_3_std": -0.28030828854019446,
    "mrr_at_3_diff1": -0.3410775441477946,
    "mrr_at_5_max": 0.16991583719230002,
    "mrr_at_5_std": -0.3005184520086419,
    "mrr_at_5_diff1": -0.36592028120885745,
    "mrr_at_10_max": 0.07328834555695446,
    "mrr_at_10_std": -0.16744013121214177,
    "mrr_at_10_diff1": -0.2553927105622761,
    "mrr_at_100_max": -0.21169612376940283,
    "mrr_at_100_std": -0.07578233342177396,
    "mrr_at_100_diff1": -0.22512288760667865,
    "mrr_at_1000_max": -0.2671402958227308,
    "mrr_at_1000_std": -0.02328879269122553,
    "mrr_at_1000_diff1": -0.24210454297710823,
    "mrr_at_1": 0.625,
    "mrr_at_3": 0.7760416666666667,
    "mrr_at_5": 0.7760416666666667,
    "mrr_at_10": 0.7760416666666667,
    "mrr_at_100": 0.778794642857143,
    "mrr_at_1000": 0.778794642857143,
    "nauc_mrr_at_1_max": -0.2761158769441459,
    "nauc_mrr_at_1_std": -0.32064183908559757,
    "nauc_mrr_at_1_diff1": -0.29916801664401305,
    "nauc_mrr_at_3_max": -0.10776479650014407,
    "nauc_mrr_at_3_std": -0.32162049617710814,
    "nauc_mrr_at_3_diff1": -0.24030315006731867,
    "nauc_mrr_at_5_max": -0.10776479650014407,
    "nauc_mrr_at_5_std": -0.32162049617710814,
    "nauc_mrr_at_5_diff1": -0.24030315006731867,
    "nauc_mrr_at_10_max": -0.10776479650014407,
    "nauc_mrr_at_10_std": -0.32162049617710814,
    "nauc_mrr_at_10_diff1": -0.24030315006731867,
    "nauc_mrr_at_100_max": -0.12150037457548167,
    "nauc_mrr_at_100_std": -0.3334664643732493,
    "nauc_mrr_at_100_diff1": -0.24285884572277383,
    "nauc_mrr_at_1000_max": -0.12150037457548167,
    "nauc_mrr_at_1000_std": -0.3334664643732493,
    "nauc_mrr_at_1000_diff1": -0.24285884572277383,
    "cv_recall_at_1": 0.625,
    "cv_recall_at_3": 0.9375,
    "cv_recall_at_5": 0.9375,
    "cv_recall_at_10": 0.9375,
    "cv_recall_at_100": 1.0,
    "cv_recall_at_1000": 1.0
  },
  "changed": {
    "ndcg_at_1": 0.17188,
    "ndcg_at_3": 0.20813,
    "ndcg_at_5": 0.21832,
    "ndcg_at_10": 0.25913,
    "ndcg_at_100": 0.38005,
    "ndcg_at_1000": 0.47206,
    "map_at_1": 0.02821,
    "map_at_3": 0.06528,
    "map_at_5": 0.08019,
    "map_at_10": 0.10901,
    "map_at_100": 0.19232,
    "map_at_1000": 0.21099,
    "recall_at_1": 0.02821,
    "recall_at_3": 0.08733,
    "recall_at_5": 0.11958,
    "recall_at_10": 0.19776,
    "recall_at_100": 0.57135,
    "recall_at_1000": 1.0,
    "accuracy": 0.02821,
    "precision_at_1": 0.1875,
    "precision_at_3": 0.26042,
    "precision_at_5": 0.25,
    "precision_at_10": 0.24687,
    "precision_at_100": 0.08375,
    "precision_at_1000": 0.01634,
    "mrr_at_1_max": 0.28771750176031863,
    "mrr_at_1_std": -0.1432854272878859,
    "mrr_at_1_diff1": -0.17974259096100936,
    "mrr_at_3_max": 0.13606621215802936,
    "mrr_at_3_std": -0.1702273916653191,
    "mrr_at_3_diff1": 0.12303000746455035,
    "mrr_at_5_max": 0.09373039464666913,
    "mrr_at_5_std": -0.16994234971025488,
    "mrr_at_5_diff1": 0.14028740497695613,
    "mrr_at_10_max": -0.06803967366757697,
    "mrr_at_10_std": -0.11076728768225758,
    "mrr_at_10_diff1": -0.032660066054807556,
    "mrr_at_100_max": -0.14211383282011902,
    "mrr_at_100_std": 0.0158364527224246,
    "mrr_at_100_diff1": -0.046174413051148826,
    "mrr_at_1000_max": -0.2123945224598041,
    "mrr_at_1000_std": 0.12181149088667706,
    "mrr_at_1000_diff1": -0.12138179951686313,
    "mrr_at_1": 0.1875,
    "mrr_at_3": 0.36458333333333337,
    "mrr_at_5": 0.3942708333333334,
    "mrr_at_10": 0.41302083333333334,
    "mrr_at_100": 0.41860977564102564,
    "mrr_at_1000": 0.41881810897435895,
    "nauc_mrr_at_1_max": 0.28771750176031863,
    "nauc_mrr_at_1_std": -0.1432854272878859,
    "nauc_mrr_at_1_diff1": -0.17974259096100936,
    "nauc_mrr_at_3_max": 0.19669349239703335,
    "nauc_mrr_at_3_std": -0.1975987452053099,
    "nauc_mrr_at_3_diff1": 0.031068402305449477,
    "nauc_mrr_at_5_max": 0.14184505903507702,
    "nauc_mrr_at_5_std": -0.13886272833637991,
    "nauc_mrr_at_5_diff1": -0.005133997061360615,
    "nauc_mrr_at_10_max": 0.1590440809739156,
    "nauc_mrr_at_10_std": -0.17921596862579303,
    "nauc_mrr_at_10_diff1": -0.01376519452470117,
    "nauc_mrr_at_100_max": 0.17141095080275606,
    "nauc_mrr_at_100_std": -0.16530795628711603,
    "nauc_mrr_at_100_diff1": -0.018158475597420794,
    "nauc_mrr_at_1000_max": 0.17086857298868333,
    "nauc_mrr_at_1000_std": -0.16621245380468813,
    "nauc_mrr_at_1000_diff1": -0.018041575826675645,
    "cv_recall_at_1": 0.1875,
    "cv_recall_at_3": 0.59375,
    "cv_recall_at_5": 0.71875,
    "cv_recall_at_10": 0.84375,
    "cv_recall_at_100": 0.96875,
    "cv_recall_at_1000": 1.0
  }
}