{
  "task": "Robust04InstructionRetrieval",
  "p-MRR": -0.008004857848124077,
  "original": {
    "ndcg_at_1": 0.5,
    "ndcg_at_3": 0.45511,
    "ndcg_at_5": 0.4162,
    "ndcg_at_10": 0.38225,
    "ndcg_at_100": 0.40563,
    "ndcg_at_1000": 0.6084,
    "map_at_1": 0.02796,
    "map_at_3": 0.06294,
    "map_at_5": 0.08195,
    "map_at_10": 0.1142,
    "map_at_100": 0.19838,
    "map_at_1000": 0.23972,
    "recall_at_1": 0.02796,
    "recall_at_3": 0.07368,
    "recall_at_5": 0.1004,
    "recall_at_10": 0.16965,
    "recall_at_100": 0.44462,
    "recall_at_1000": 1.0,
    "accuracy": 0.02796,
    "precision_at_1": 0.57692,
    "precision_at_3": 0.51282,
    "precision_at_5": 0.44231,
    "precision_at_10": 0.36538,
    "precision_at_100": 0.12462,
    "precision_at_1000": 0.03369,
    "mrr_at_1_max": 0.4137078550841702,
    "mrr_at_1_std": -0.07221318745233864,
    "mrr_at_1_diff1": 0.3397840295083837,
    "mrr_at_3_max": 0.2244208754133047,
    "mrr_at_3_std": 0.011767980133722596,
    "mrr_at_3_diff1": 0.2053622201632452,
    "mrr_at_5_max": 0.19061608495817378,
    "mrr_at_5_std": 0.04844447809120122,
    "mrr_at_5_diff1": 0.12923730279229148,
    "mrr_at_10_max": 0.16101281632463038,
    "mrr_at_10_std": -0.014978708795245004,
    "mrr_at_10_diff1": 0.17486055186135901,
    "mrr_at_100_max": 0.10030467009606568,
    "mrr_at_100_std": 0.013049788293895621,
    "mrr_at_100_diff1": -0.003344826157033303,
    "mrr_at_1000_max": 0.13341207054923454,
    "mrr_at_1000_std": -0.07036284925492463,
    "mrr_at_1000_diff1": -0.17607517599033864,
    "mrr_at_1": 0.5769230769230769,
    "mrr_at_3": 0.6730769230769231,
    "mrr_at_5": 0.6817307692307691,
    "mrr_at_10": 0.6948946886446887,
    "mrr_at_100": 0.6960259103641456,
    "mrr_at_1000": 0.6963405632523281,
    "nauc_mrr_at_1_max": 0.4137078550841702,
    "nauc_mrr_at_1_std": -0.07221318745233864,
    "nauc_mrr_at_1_diff1": 0.3397840295083837,
    "nauc_mrr_at_3_max": 0.41306478255221013,
    "nauc_mrr_at_3_std": -0.05904373129354816,
    "nauc_mrr_at_3_diff1": 0.35630846722178844,
    "nauc_mrr_at_5_max": 0.41531127078588254,
    "nauc_mrr_at_5_std": -0.07599643319648888,
    "nauc_mrr_at_5_diff1": 0.3661939360559467,
    "nauc_mrr_at_10_max": 0.41938424947552844,
    "nauc_mrr_at_10_std": -0.07994117900626573,
    "nauc_mrr_at_10_diff1": 0.37807010517475964,
    "nauc_mrr_at_100_max": 0.4238725516095879,
    "nauc_mrr_at_100_std": -0.07952642831995103,
    "nauc_mrr_at_100_diff1": 0.37647100444389875,
    "nauc_mrr_at_1000_max": 0.42338292149422835,
    "nauc_mrr_at_1000_std": -0.07848174655147418,
    "nauc_mrr_at_1000_diff1": 0.37635636660052024,
    "cv_recall_at_1": 0.57692,
    "cv_recall_at_3": 0.80769,
    "cv_recall_at_5": 0.84615,
    "cv_recall_at_10": 0.94231,
    "cv_recall_at_100": 0.96154,
    "cv_recall_at_1000": 1.0
  },
  "changed": {
    "ndcg_at_1": 0.34615,
    "ndcg_at_3": 0.30272,
    "ndcg_at_5": 0.26944,
    "ndcg_at_10": 0.25403,
    "ndcg_at_100": 0.33218,
    "ndcg_at_1000": 0.50167,
    "map_at_1": 0.03167,
    "map_at_3": 0.06594,
    "map_at_5": 0.08231,
    "map_at_10": 0.10505,
    "map_at_100": 0.16,
    "map_at_1000": 0.18374,
    "recall_at_1": 0.03167,
    "recall_at_3": 0.08111,
    "recall_at_5": 0.10584,
    "recall_at_10": 0.16686,
    "recall_at_100": 0.44045,
    "recall_at_1000": 1.0,
    "accuracy": 0.03167,
    "precision_at_1": 0.38462,
    "precision_at_3": 0.32051,
    "precision_at_5": 0.26538,
    "precision_at_10": 0.21346,
    "precision_at_100": 0.07365,
    "precision_at_1000": 0.01981,
    "mrr_at_1_max": 0.3821525526950716,
    "mrr_at_1_std": -0.04235659821713952,
    "mrr_at_1_diff1": -0.10129255691973038,
    "mrr_at_3_max": 0.2589798819662639,
    "mrr_at_3_std": 0.035946226436857125,
    "mrr_at_3_diff1": -0.1380528739959906,
    "mrr_at_5_max": 0.27856900892384456,
    "mrr_at_5_std": 0.06777432610435376,
    "mrr_at_5_diff1": -0.20645900847071746,
    "mrr_at_10_max": 0.23365142984570783,
    "mrr_at_10_std": 0.03309981979694518,
    "mrr_at_10_diff1": -0.15262103741699942,
    "mrr_at_100_max": 0.31564017699972646,
    "mrr_at_100_std": 0.009563171658579565,
    "mrr_at_100_diff1": -0.18194588448607577,
    "mrr_at_1000_max": 0.14633049566804185,
    "mrr_at_1000_std": -0.00369877766753163,
    "mrr_at_1000_diff1": -0.1380487789409715,
    "mrr_at_1": 0.38461538461538464,
    "mrr_at_3": 0.467948717948718,
    "mrr_at_5": 0.48237179487179493,
    "mrr_at_10": 0.4995421245421245,
    "mrr_at_100": 0.5090331879076136,
    "mrr_at_1000": 0.509208447610628,
    "nauc_mrr_at_1_max": 0.3821525526950716,
    "nauc_mrr_at_1_std": -0.04235659821713952,
    "nauc_mrr_at_1_diff1": -0.10129255691973038,
    "nauc_mrr_at_3_max": 0.3140971515012932,
    "nauc_mrr_at_3_std": -0.021519856062528347,
    "nauc_mrr_at_3_diff1": -0.09756082991867504,
    "nauc_mrr_at_5_max": 0.30042444080906894,
    "nauc_mrr_at_5_std": -0.03859105162356999,
    "nauc_mrr_at_5_diff1": -0.10375430408847541,
    "nauc_mrr_at_10_max": 0.29196291159811816,
    "nauc_mrr_at_10_std": -0.02961421204400038,
    "nauc_mrr_at_10_diff1": -0.096989326620808,
    "nauc_mrr_at_100_max": 0.30834688031529794,
    "nauc_mrr_at_100_std": -0.03439245826613996,
    "nauc_mrr_at_100_diff1": -0.09372636201931778,
    "nauc_mrr_at_1000_max": 0.30802568799928537,
    "nauc_mrr_at_1000_std": -0.0335685364928293,
    "nauc_mrr_at_1000_diff1": -0.09412828400941234,
    "cv_recall_at_1": 0.38462,
    "cv_recall_at_3": 0.57692,
    "cv_recall_at_5": 0.63462,
    "cv_recall_at_10": 0.75,
    "cv_recall_at_100": 0.96154,
    "cv_recall_at_1000": 1.0
  }
}