{
  "Core17InstructionRetrieval": {
    "task": "Core17InstructionRetrieval",
    "p-MRR": 0.006728857758219993,
    "original": {
      "ndcg_at_1": 0.55,
      "ndcg_at_3": 0.5102,
      "ndcg_at_5": 0.48663,
      "ndcg_at_10": 0.46024,
      "ndcg_at_100": 0.42992,
      "ndcg_at_1000": 0.66918,
      "map_at_1": 0.01619,
      "map_at_3": 0.04089,
      "map_at_5": 0.06315,
      "map_at_10": 0.10618,
      "map_at_100": 0.22537,
      "map_at_1000": 0.29286,
      "recall_at_1": 0.01619,
      "recall_at_3": 0.04231,
      "recall_at_5": 0.06709,
      "recall_at_10": 0.1277,
      "recall_at_100": 0.41221,
      "recall_at_1000": 1.0,
      "accuracy": 0.01619,
      "precision_at_1": 0.7,
      "precision_at_3": 0.61667,
      "precision_at_5": 0.59,
      "precision_at_10": 0.535,
      "precision_at_100": 0.2115,
      "precision_at_1000": 0.0545,
      "mrr_at_1_max": 0.7280670149522611,
      "mrr_at_1_std": -0.0792649972977844,
      "mrr_at_1_diff1": 0.39047018555215285,
      "mrr_at_3_max": 0.6868936122483317,
      "mrr_at_3_std": 0.0492961695922832,
      "mrr_at_3_diff1": 0.3375581851831084,
      "mrr_at_5_max": 0.6625648429499555,
      "mrr_at_5_std": 0.029848741752983746,
      "mrr_at_5_diff1": 0.2909832625446973,
      "mrr_at_10_max": 0.6507802192802877,
      "mrr_at_10_std": 0.044147218051954824,
      "mrr_at_10_diff1": 0.24416541558618823,
      "mrr_at_100_max": 0.38604045361244077,
      "mrr_at_100_std": 0.252775999318538,
      "mrr_at_100_diff1": 0.01742951118780694,
      "mrr_at_1000_max": -0.002681896806967843,
      "mrr_at_1000_std": -0.05238815041062071,
      "mrr_at_1000_diff1": -0.20615387012825048,
      "mrr_at_1": 0.7,
      "mrr_at_3": 0.7666666666666666,
      "mrr_at_5": 0.7791666666666666,
      "mrr_at_10": 0.79375,
      "mrr_at_100": 0.79375,
      "mrr_at_1000": 0.79375,
      "nauc_mrr_at_1_max": 0.7280670149522611,
      "nauc_mrr_at_1_std": -0.0792649972977844,
      "nauc_mrr_at_1_diff1": 0.39047018555215285,
      "nauc_mrr_at_3_max": 0.7163190687609596,
      "nauc_mrr_at_3_std": -0.012759765697869218,
      "nauc_mrr_at_3_diff1": 0.30811849419841075,
      "nauc_mrr_at_5_max": 0.720652195304352,
      "nauc_mrr_at_5_std": -0.021224883395980505,
      "nauc_mrr_at_5_diff1": 0.317290850766536,
      "nauc_mrr_at_10_max": 0.7203146745423833,
      "nauc_mrr_at_10_std": -0.02911430058749084,
      "nauc_mrr_at_10_diff1": 0.3220739623282943,
      "nauc_mrr_at_100_max": 0.7203146745423833,
      "nauc_mrr_at_100_std": -0.02911430058749084,
      "nauc_mrr_at_100_diff1": 0.3220739623282943,
      "nauc_mrr_at_1000_max": 0.7203146745423833,
      "nauc_mrr_at_1000_std": -0.02911430058749084,
      "nauc_mrr_at_1000_diff1": 0.3220739623282943,
      "cv_recall_at_1": 0.7,
      "cv_recall_at_3": 0.85,
      "cv_recall_at_5": 0.9,
      "cv_recall_at_10": 1.0,
      "cv_recall_at_100": 1.0,
      "cv_recall_at_1000": 1.0
    },
    "changed": {
      "ndcg_at_1": 0.25,
      "ndcg_at_3": 0.22184,
      "ndcg_at_5": 0.23781,
      "ndcg_at_10": 0.21861,
      "ndcg_at_100": 0.32087,
      "ndcg_at_1000": 0.52595,
      "map_at_1": 0.01199,
      "map_at_3": 0.02179,
      "map_at_5": 0.03365,
      "map_at_10": 0.05271,
      "map_at_100": 0.12958,
      "map_at_1000": 0.1707,
      "recall_at_1": 0.01199,
      "recall_at_3": 0.0239,
      "recall_at_5": 0.0529,
      "recall_at_10": 0.0962,
      "recall_at_100": 0.41364,
      "recall_at_1000": 1.0,
      "accuracy": 0.01199,
      "precision_at_1": 0.35,
      "precision_at_3": 0.26667,
      "precision_at_5": 0.3,
      "precision_at_10": 0.24,
      "precision_at_100": 0.127,
      "precision_at_1000": 0.0327,
      "mrr_at_1_max": 0.41077196914760367,
      "mrr_at_1_std": 0.15373459028281353,
      "mrr_at_1_diff1": -0.01924978574724768,
      "mrr_at_3_max": 0.4268334672328702,
      "mrr_at_3_std": 0.38023642832549054,
      "mrr_at_3_diff1": 0.216171238379433,
      "mrr_at_5_max": 0.32826388888888886,
      "mrr_at_5_std": 0.15993055555555516,
      "mrr_at_5_diff1": 0.4452777777777778,
      "mrr_at_10_max": 0.3000932477647964,
      "mrr_at_10_std": 0.13937798255718303,
      "mrr_at_10_diff1": 0.3317974877955133,
      "mrr_at_100_max": 0.32770491670644675,
      "mrr_at_100_std": 0.2860824116699977,
      "mrr_at_100_diff1": -0.023556015825370664,
      "mrr_at_1000_max": -0.03667109404695415,
      "mrr_at_1000_std": -0.20360326117130648,
      "mrr_at_1000_diff1": -0.24925795113368074,
      "mrr_at_1": 0.35,
      "mrr_at_3": 0.4083333333333333,
      "mrr_at_5": 0.4683333333333334,
      "mrr_at_10": 0.4754761904761905,
      "mrr_at_100": 0.4891485475309005,
      "mrr_at_1000": 0.4891485475309005,
      "nauc_mrr_at_1_max": 0.41077196914760367,
      "nauc_mrr_at_1_std": 0.15373459028281353,
      "nauc_mrr_at_1_diff1": -0.01924978574724768,
      "nauc_mrr_at_3_max": 0.3745538802806848,
      "nauc_mrr_at_3_std": 0.26896763778922267,
      "nauc_mrr_at_3_diff1": -0.0882136542832985,
      "nauc_mrr_at_5_max": 0.31922404090966866,
      "nauc_mrr_at_5_std": 0.19214322223635347,
      "nauc_mrr_at_5_diff1": -0.043567309699728905,
      "nauc_mrr_at_10_max": 0.3049259558197771,
      "nauc_mrr_at_10_std": 0.1828447623901339,
      "nauc_mrr_at_10_diff1": -0.052287268636974533,
      "nauc_mrr_at_100_max": 0.3349590413745088,
      "nauc_mrr_at_100_std": 0.1854128579215108,
      "nauc_mrr_at_100_diff1": -0.0508630047271517,
      "nauc_mrr_at_1000_max": 0.3349590413745088,
      "nauc_mrr_at_1000_std": 0.1854128579215108,
      "nauc_mrr_at_1000_diff1": -0.0508630047271517,
      "cv_recall_at_1": 0.35,
      "cv_recall_at_3": 0.5,
      "cv_recall_at_5": 0.75,
      "cv_recall_at_10": 0.8,
      "cv_recall_at_100": 1.0,
      "cv_recall_at_1000": 1.0
    }
  },
  "Robust04InstructionRetrieval": {
    "task": "Robust04InstructionRetrieval",
    "p-MRR": -0.008004857848124077,
    "original": {
      "ndcg_at_1": 0.5,
      "ndcg_at_3": 0.45511,
      "ndcg_at_5": 0.4162,
      "ndcg_at_10": 0.38225,
      "ndcg_at_100": 0.40563,
      "ndcg_at_1000": 0.6084,
      "map_at_1": 0.02796,
      "map_at_3": 0.06294,
      "map_at_5": 0.08195,
      "map_at_10": 0.1142,
      "map_at_100": 0.19838,
      "map_at_1000": 0.23972,
      "recall_at_1": 0.02796,
      "recall_at_3": 0.07368,
      "recall_at_5": 0.1004,
      "recall_at_10": 0.16965,
      "recall_at_100": 0.44462,
      "recall_at_1000": 1.0,
      "accuracy": 0.02796,
      "precision_at_1": 0.57692,
      "precision_at_3": 0.51282,
      "precision_at_5": 0.44231,
      "precision_at_10": 0.36538,
      "precision_at_100": 0.12462,
      "precision_at_1000": 0.03369,
      "mrr_at_1_max": 0.4137078550841702,
      "mrr_at_1_std": -0.07221318745233864,
      "mrr_at_1_diff1": 0.3397840295083837,
      "mrr_at_3_max": 0.2244208754133047,
      "mrr_at_3_std": 0.011767980133722596,
      "mrr_at_3_diff1": 0.2053622201632452,
      "mrr_at_5_max": 0.19061608495817378,
      "mrr_at_5_std": 0.04844447809120122,
      "mrr_at_5_diff1": 0.12923730279229148,
      "mrr_at_10_max": 0.16101281632463038,
      "mrr_at_10_std": -0.014978708795245004,
      "mrr_at_10_diff1": 0.17486055186135901,
      "mrr_at_100_max": 0.10030467009606568,
      "mrr_at_100_std": 0.013049788293895621,
      "mrr_at_100_diff1": -0.003344826157033303,
      "mrr_at_1000_max": 0.13341207054923454,
      "mrr_at_1000_std": -0.07036284925492463,
      "mrr_at_1000_diff1": -0.17607517599033864,
      "mrr_at_1": 0.5769230769230769,
      "mrr_at_3": 0.6730769230769231,
      "mrr_at_5": 0.6817307692307691,
      "mrr_at_10": 0.6948946886446887,
      "mrr_at_100": 0.6960259103641456,
      "mrr_at_1000": 0.6963405632523281,
      "nauc_mrr_at_1_max": 0.4137078550841702,
      "nauc_mrr_at_1_std": -0.07221318745233864,
      "nauc_mrr_at_1_diff1": 0.3397840295083837,
      "nauc_mrr_at_3_max": 0.41306478255221013,
      "nauc_mrr_at_3_std": -0.05904373129354816,