{
  "Core17InstructionRetrieval": {
    "task": "Core17InstructionRetrieval",
    "p-MRR": 0.057843959684658185,
    "original": {
      "ndcg_at_1": 0.4,
      "ndcg_at_3": 0.37012,
      "ndcg_at_5": 0.36668,
      "ndcg_at_10": 0.322,
      "ndcg_at_100": 0.37537,
      "ndcg_at_1000": 0.62699,
      "map_at_1": 0.01233,
      "map_at_3": 0.02895,
      "map_at_5": 0.0436,
      "map_at_10": 0.06723,
      "map_at_100": 0.18479,
      "map_at_1000": 0.25313,
      "recall_at_1": 0.01233,
      "recall_at_3": 0.03522,
      "recall_at_5": 0.05936,
      "recall_at_10": 0.10024,
      "recall_at_100": 0.42456,
      "recall_at_1000": 1.0,
      "accuracy": 0.01233,
      "precision_at_1": 0.5,
      "precision_at_3": 0.45,
      "precision_at_5": 0.45,
      "precision_at_10": 0.375,
      "precision_at_100": 0.2075,
      "precision_at_1000": 0.0545,
      "mrr_at_1_max": -0.05529646902065287,
      "mrr_at_1_std": 0.12751499000666225,
      "mrr_at_1_diff1": 0.5409060626249168,
      "mrr_at_3_max": -0.08136985541031837,
      "mrr_at_3_std": 0.2908167513112978,
      "mrr_at_3_diff1": 0.5405877945216878,
      "mrr_at_5_max": 0.027474052283954054,
      "mrr_at_5_std": 0.30667332704297795,
      "mrr_at_5_diff1": 0.4981221439011305,
      "mrr_at_10_max": 0.014914857409193684,
      "mrr_at_10_std": 0.3860303283219701,
      "mrr_at_10_diff1": 0.4053134179520252,
      "mrr_at_100_max": 0.18672175986712614,
      "mrr_at_100_std": 0.3934711001963145,
      "mrr_at_100_diff1": 0.13116973158572467,
      "mrr_at_1000_max": 0.4315781271914105,
      "mrr_at_1000_std": 0.3002166087484999,
      "mrr_at_1000_diff1": -0.2099608857583642,
      "mrr_at_1": 0.5,
      "mrr_at_3": 0.6,
      "mrr_at_5": 0.65,
      "mrr_at_10": 0.6645833333333334,
      "mrr_at_100": 0.6645833333333334,
      "mrr_at_1000": 0.6645833333333334,
      "nauc_mrr_at_1_max": -0.05529646902065287,
      "nauc_mrr_at_1_std": 0.12751499000666225,
      "nauc_mrr_at_1_diff1": 0.5409060626249168,
      "nauc_mrr_at_3_max": -0.21786917892156876,
      "nauc_mrr_at_3_std": 0.1942784926470585,
      "nauc_mrr_at_3_diff1": 0.48494944852941163,
      "nauc_mrr_at_5_max": -0.20876095670175768,
      "nauc_mrr_at_5_std": 0.10533850151962233,
      "nauc_mrr_at_5_diff1": 0.45053517156322975,
      "nauc_mrr_at_10_max": -0.18940576906642997,
      "nauc_mrr_at_10_std": 0.1361355179030621,
      "nauc_mrr_at_10_diff1": 0.4722422914675922,
      "nauc_mrr_at_100_max": -0.18940576906642997,
      "nauc_mrr_at_100_std": 0.1361355179030621,
      "nauc_mrr_at_100_diff1": 0.4722422914675922,
      "nauc_mrr_at_1000_max": -0.18940576906642997,
      "nauc_mrr_at_1000_std": 0.1361355179030621,
      "nauc_mrr_at_1000_diff1": 0.4722422914675922,
      "cv_recall_at_1": 0.5,
      "cv_recall_at_3": 0.7,
      "cv_recall_at_5": 0.9,
      "cv_recall_at_10": 1.0,
      "cv_recall_at_100": 1.0,
      "cv_recall_at_1000": 1.0
    },
    "changed": {
      "ndcg_at_1": 0.275,
      "ndcg_at_3": 0.20559,
      "ndcg_at_5": 0.21865,
      "ndcg_at_10": 0.19058,
      "ndcg_at_100": 0.30712,
      "ndcg_at_1000": 0.51372,
      "map_at_1": 0.01329,
      "map_at_3": 0.0209,
      "map_at_5": 0.03513,
      "map_at_10": 0.04708,
      "map_at_100": 0.12928,
      "map_at_1000": 0.16771,
      "recall_at_1": 0.01329,
      "recall_at_3": 0.02295,
      "recall_at_5": 0.05409,
      "recall_at_10": 0.08596,
      "recall_at_100": 0.42761,
      "recall_at_1000": 1.0,
      "accuracy": 0.01329,
      "precision_at_1": 0.35,
      "precision_at_3": 0.23333,
      "precision_at_5": 0.29,
      "precision_at_10": 0.225,
      "precision_at_100": 0.1285,
      "precision_at_1000": 0.0327,
      "mrr_at_1_max": -0.0017799459423825578,
      "mrr_at_1_std": 0.1313204561935526,
      "mrr_at_1_diff1": 0.3659437009690817,
      "mrr_at_3_max": 0.07012832833964609,
      "mrr_at_3_std": 0.14458137825767414,
      "mrr_at_3_diff1": 0.37673130193905835,
      "mrr_at_5_max": 0.03707762228968665,
      "mrr_at_5_std": 0.16045412901719128,
      "mrr_at_5_diff1": 0.27188459949341587,
      "mrr_at_10_max": 0.015467752672592728,
      "mrr_at_10_std": 0.09958100011747664,
      "mrr_at_10_diff1": 0.09643523775959059,
      "mrr_at_100_max": 0.07608014703082858,
      "mrr_at_100_std": 0.1399457979572131,
      "mrr_at_100_diff1": -0.037505321560714226,
      "mrr_at_1000_max": 0.5012193090724278,
      "mrr_at_1000_std": 0.2268662262063894,
      "mrr_at_1000_diff1": -0.28655685055242697,
      "mrr_at_1": 0.35,
      "mrr_at_3": 0.36666666666666664,
      "mrr_at_5": 0.4416666666666666,
      "mrr_at_10": 0.45347222222222217,
      "mrr_at_100": 0.4648702731967349,
      "mrr_at_1000": 0.4648702731967349,
      "nauc_mrr_at_1_max": -0.0017799459423825578,
      "nauc_mrr_at_1_std": 0.1313204561935526,
      "nauc_mrr_at_1_diff1": 0.3659437009690817,
      "nauc_mrr_at_3_max": -0.03548851201116079,
      "nauc_mrr_at_3_std": 0.08968042900117722,
      "nauc_mrr_at_3_diff1": 0.4442603653485638,
      "nauc_mrr_at_5_max": -0.03114093328789475,
      "nauc_mrr_at_5_std": 0.15131555754021905,
      "nauc_mrr_at_5_diff1": 0.3719167538221088,
      "nauc_mrr_at_10_max": -0.03299643670246744,
      "nauc_mrr_at_10_std": 0.1475285591512413,
      "nauc_mrr_at_10_diff1": 0.35246390213747586,
      "nauc_mrr_at_100_max": -0.018664874741254684,
      "nauc_mrr_at_100_std": 0.15135526558579993,
      "nauc_mrr_at_100_diff1": 0.36299875544794374,
      "nauc_mrr_at_1000_max": -0.018664874741254684,
      "nauc_mrr_at_1000_std": 0.15135526558579993,
      "nauc_mrr_at_1000_diff1": 0.36299875544794374,
      "cv_recall_at_1": 0.35,
      "cv_recall_at_3": 0.4,
      "cv_recall_at_5": 0.7,
      "cv_recall_at_10": 0.8,
      "cv_recall_at_100": 1.0,
      "cv_recall_at_1000": 1.0
    }
  },
  "News21InstructionRetrieval": {
    "task": "News21InstructionRetrieval",
    "p-MRR": -0.016698953522784856,
    "original": {
      "ndcg_at_1": 0.39453,
      "ndcg_at_3": 0.35586,
      "ndcg_at_5": 0.36805,
      "ndcg_at_10": 0.38352,
      "ndcg_at_100": 0.51892,
      "ndcg_at_1000": 0.63021,
      "map_at_1": 0.02659,
      "map_at_3": 0.0676,
      "map_at_5": 0.10102,
      "map_at_10": 0.16922,
      "map_at_100": 0.36137,
      "map_at_1000": 0.41103,
      "recall_at_1": 0.02659,
      "recall_at_3": 0.07502,
      "recall_at_5": 0.11792,
      "recall_at_10": 0.21496,
      "recall_at_100": 0.6489,
      "recall_at_1000": 1.0,
      "accuracy": 0.02659,
      "precision_at_1": 0.65625,
      "precision_at_3": 0.63542,
      "precision_at_5": 0.61875,
      "precision_at_10": 0.57812,
      "precision_at_100": 0.21719,
      "precision_at_1000": 0.03725,
      "mrr_at_1_max": 0.2030665694680919,
      "mrr_at_1_std": -0.004634850300279053,
      "mrr_at_1_diff1": 0.06827016318035498,
      "mrr_at_3_max": 0.15147079139512495,
      "mrr_at_3_std": 0.00711684328822373,
      "mrr_at_3_diff1": 0.189107869080538,
      "mrr_at_5_max": 0.06966394168030031,
      "mrr_at_5_std": -0.02181207637677067,
      "mrr_at_5_diff1": 0.10171832494112938,
      "mrr_at_10_max": 0.1020072379681064,
      "mrr_at_10_std": -0.13884105870956562,
      "mrr_at_10_diff1": 0.22784735218029564,
      "mrr_at_100_max": 0.18145007321188542,
      "mrr_at_100_std": 0.04247507209622958,
      "mrr_at_100_diff1": 0.21890912283863714,
      "mrr_at_1000_max": 0.1774629062920588,
      "mrr_at_1000_std": 0.09016375421904853,
      "mrr_at_1000_diff1": 0.13274765181391496,
      "mrr_at_1": 0.65625,
      "mrr_at_3": 0.75,
      "mrr_at_5": 0.771875,
      "mrr_at_10": 0.771875,
      "mrr_at_100": 0.7737132352941176,
      "mrr_at_1000": 0.7737132352941176,
      "nauc_mrr_at_1_max": 0.2030665694680919,
      "nauc_mrr_at_1_std": -0.004634850300279053,
      "nauc_mrr_at_1_diff1": 0.06827016318035498,
      "nauc_mrr_at_3_max": 0.06956036120091198,
      "nauc_mrr_at_3_std": -0.023917854371890715,
      "nauc_mrr_at_3_diff1": -0.06390048482508832,