{
  "task": "Robust04InstructionRetrieval",
  "p-MRR": -0.04892834196251413,
  "original": {
    "ndcg_at_1": 0.25962,
    "ndcg_at_3": 0.27489,
    "ndcg_at_5": 0.2542,
    "ndcg_at_10": 0.2619,
    "ndcg_at_100": 0.3236,
    "ndcg_at_1000": 0.53689,
    "map_at_1": 0.02067,
    "map_at_3": 0.04388,
    "map_at_5": 0.05409,
    "map_at_10": 0.08311,
    "map_at_100": 0.14716,
    "map_at_1000": 0.18658,
    "recall_at_1": 0.02067,
    "recall_at_3": 0.05321,
    "recall_at_5": 0.06945,
    "recall_at_10": 0.13352,
    "recall_at_100": 0.4263,
    "recall_at_1000": 1.0,
    "accuracy": 0.02067,
    "precision_at_1": 0.36538,
    "precision_at_3": 0.35256,
    "precision_at_5": 0.30769,
    "precision_at_10": 0.28269,
    "precision_at_100": 0.11269,
    "precision_at_1000": 0.03369,
    "mrr_at_1_max": -0.07936015607272867,
    "mrr_at_1_std": -0.1844429048156303,
    "mrr_at_1_diff1": 0.19737613521430744,
    "mrr_at_3_max": -0.0807938093228945,
    "mrr_at_3_std": -0.1246089106727045,
    "mrr_at_3_diff1": 0.1105300432537738,
    "mrr_at_5_max": -0.14905613546452107,
    "mrr_at_5_std": -0.2009110828695166,
    "mrr_at_5_diff1": 0.08632728267421305,
    "mrr_at_10_max": -0.13935674290100636,
    "mrr_at_10_std": -0.18934836258818566,
    "mrr_at_10_diff1": 0.095804890104421,
    "mrr_at_100_max": -0.11125231434822262,
    "mrr_at_100_std": -0.12127436641529395,
    "mrr_at_100_diff1": 0.02878988861035189,
    "mrr_at_1000_max": -0.13471687966276935,
    "mrr_at_1000_std": -0.08424508403245067,
    "mrr_at_1000_diff1": -0.15835858403813308,
    "mrr_at_1": 0.36538461538461536,
    "mrr_at_3": 0.47115384615384615,
    "mrr_at_5": 0.47596153846153844,
    "mrr_at_10": 0.5073107448107448,
    "mrr_at_100": 0.5138373432123432,
    "mrr_at_1000": 0.5138373432123432,
    "nauc_mrr_at_1_max": -0.07936015607272867,
    "nauc_mrr_at_1_std": -0.1844429048156303,
    "nauc_mrr_at_1_diff1": 0.19737613521430744,
    "nauc_mrr_at_3_max": -0.08385129329017729,
    "nauc_mrr_at_3_std": -0.16318198882045754,
    "nauc_mrr_at_3_diff1": 0.17833807426471676,
    "nauc_mrr_at_5_max": -0.09696682499203714,
    "nauc_mrr_at_5_std": -0.17692686058513668,
    "nauc_mrr_at_5_diff1": 0.18765474540855456,
    "nauc_mrr_at_10_max": -0.10868877049957784,
    "nauc_mrr_at_10_std": -0.19965646898320955,
    "nauc_mrr_at_10_diff1": 0.19273392811646478,
    "nauc_mrr_at_100_max": -0.10178027995407997,
    "nauc_mrr_at_100_std": -0.18883837258720626,
    "nauc_mrr_at_100_diff1": 0.18366273250156873,
    "nauc_mrr_at_1000_max": -0.10178027995407997,
    "nauc_mrr_at_1000_std": -0.18883837258720626,
    "nauc_mrr_at_1000_diff1": 0.18366273250156873,
    "cv_recall_at_1": 0.36538,
    "cv_recall_at_3": 0.61538,
    "cv_recall_at_5": 0.63462,
    "cv_recall_at_10": 0.86538,
    "cv_recall_at_100": 1.0,
    "cv_recall_at_1000": 1.0
  },
  "changed": {
    "ndcg_at_1": 0.22115,
    "ndcg_at_3": 0.2159,
    "ndcg_at_5": 0.20123,
    "ndcg_at_10": 0.20777,
    "ndcg_at_100": 0.29313,
    "ndcg_at_1000": 0.46876,
    "map_at_1": 0.02854,
    "map_at_3": 0.05911,
    "map_at_5": 0.07497,
    "map_at_10": 0.09529,
    "map_at_100": 0.13724,
    "map_at_1000": 0.16152,
    "recall_at_1": 0.02854,
    "recall_at_3": 0.07727,
    "recall_at_5": 0.10866,
    "recall_at_10": 0.1648,
    "recall_at_100": 0.44228,
    "recall_at_1000": 1.0,
    "accuracy": 0.02854,
    "precision_at_1": 0.28846,
    "precision_at_3": 0.24359,
    "precision_at_5": 0.21154,
    "precision_at_10": 0.18269,
    "precision_at_100": 0.06788,
    "precision_at_1000": 0.01981,
    "mrr_at_1_max": -0.1382447761838351,
    "mrr_at_1_std": -0.12614702270684786,
    "mrr_at_1_diff1": -0.0019816739349335978,
    "mrr_at_3_max": 0.05885893765837068,
    "mrr_at_3_std": 0.047257817154698456,
    "mrr_at_3_diff1": 0.16673779044625736,
    "mrr_at_5_max": 0.08849883975478298,
    "mrr_at_5_std": 0.057837087630914774,
    "mrr_at_5_diff1": 0.16547145387786022,
    "mrr_at_10_max": -0.0007846355713705757,
    "mrr_at_10_std": -0.09798441484362934,
    "mrr_at_10_diff1": 0.27440923600661915,
    "mrr_at_100_max": -0.06330049308606221,
    "mrr_at_100_std": -0.11211324027913977,
    "mrr_at_100_diff1": 0.14984184995086966,
    "mrr_at_1000_max": -0.17880034094883676,
    "mrr_at_1000_std": -0.11058054900373711,
    "mrr_at_1000_diff1": -0.12666772356434716,
    "mrr_at_1": 0.28846153846153844,
    "mrr_at_3": 0.36858974358974356,
    "mrr_at_5": 0.3868589743589744,
    "mrr_at_10": 0.40480769230769226,
    "mrr_at_100": 0.41375014612138117,
    "mrr_at_1000": 0.41393868307462406,
    "nauc_mrr_at_1_max": -0.1382447761838351,
    "nauc_mrr_at_1_std": -0.12614702270684786,
    "nauc_mrr_at_1_diff1": -0.0019816739349335978,
    "nauc_mrr_at_3_max": -0.08608915342964774,
    "nauc_mrr_at_3_std": -0.08753422950600417,
    "nauc_mrr_at_3_diff1": 0.1211472665302292,
    "nauc_mrr_at_5_max": -0.08889049778910131,
    "nauc_mrr_at_5_std": -0.09383412153998057,
    "nauc_mrr_at_5_diff1": 0.13441499984885122,
    "nauc_mrr_at_10_max": -0.11133430884500542,
    "nauc_mrr_at_10_std": -0.11249033555637857,
    "nauc_mrr_at_10_diff1": 0.13797363637616758,
    "nauc_mrr_at_100_max": -0.11099447483113253,
    "nauc_mrr_at_100_std": -0.11139154017389218,
    "nauc_mrr_at_100_diff1": 0.12979222309551258,
    "nauc_mrr_at_1000_max": -0.1103820598625512,
    "nauc_mrr_at_1000_std": -0.11113520929045767,
    "nauc_mrr_at_1000_diff1": 0.12979698440425108,
    "cv_recall_at_1": 0.28846,
    "cv_recall_at_3": 0.48077,
    "cv_recall_at_5": 0.55769,
    "cv_recall_at_10": 0.69231,
    "cv_recall_at_100": 0.98077,
    "cv_recall_at_1000": 1.0
  }
}