{
  "task": "News21InstructionRetrieval",
  "p-MRR": -0.016698953522784856,
  "original": {
    "ndcg_at_1": 0.39453,
    "ndcg_at_3": 0.35586,
    "ndcg_at_5": 0.36805,
    "ndcg_at_10": 0.38352,
    "ndcg_at_100": 0.51892,
    "ndcg_at_1000": 0.63021,
    "map_at_1": 0.02659,
    "map_at_3": 0.0676,
    "map_at_5": 0.10102,
    "map_at_10": 0.16922,
    "map_at_100": 0.36137,
    "map_at_1000": 0.41103,
    "recall_at_1": 0.02659,
    "recall_at_3": 0.07502,
    "recall_at_5": 0.11792,
    "recall_at_10": 0.21496,
    "recall_at_100": 0.6489,
    "recall_at_1000": 1.0,
    "accuracy": 0.02659,
    "precision_at_1": 0.65625,
    "precision_at_3": 0.63542,
    "precision_at_5": 0.61875,
    "precision_at_10": 0.57812,
    "precision_at_100": 0.21719,
    "precision_at_1000": 0.03725,
    "mrr_at_1_max": 0.2030665694680919,
    "mrr_at_1_std": -0.004634850300279053,
    "mrr_at_1_diff1": 0.06827016318035498,
    "mrr_at_3_max": 0.15147079139512495,
    "mrr_at_3_std": 0.00711684328822373,
    "mrr_at_3_diff1": 0.189107869080538,
    "mrr_at_5_max": 0.06966394168030031,
    "mrr_at_5_std": -0.02181207637677067,
    "mrr_at_5_diff1": 0.10171832494112938,
    "mrr_at_10_max": 0.1020072379681064,
    "mrr_at_10_std": -0.13884105870956562,
    "mrr_at_10_diff1": 0.22784735218029564,
    "mrr_at_100_max": 0.18145007321188542,
    "mrr_at_100_std": 0.04247507209622958,
    "mrr_at_100_diff1": 0.21890912283863714,
    "mrr_at_1000_max": 0.1774629062920588,
    "mrr_at_1000_std": 0.09016375421904853,
    "mrr_at_1000_diff1": 0.13274765181391496,
    "mrr_at_1": 0.65625,
    "mrr_at_3": 0.75,
    "mrr_at_5": 0.771875,
    "mrr_at_10": 0.771875,
    "mrr_at_100": 0.7737132352941176,
    "mrr_at_1000": 0.7737132352941176,
    "nauc_mrr_at_1_max": 0.2030665694680919,
    "nauc_mrr_at_1_std": -0.004634850300279053,
    "nauc_mrr_at_1_diff1": 0.06827016318035498,
    "nauc_mrr_at_3_max": 0.06956036120091198,
    "nauc_mrr_at_3_std": -0.023917854371890715,
    "nauc_mrr_at_3_diff1": -0.06390048482508832,
    "nauc_mrr_at_5_max": 0.06111932140173547,
    "nauc_mrr_at_5_std": 0.024806822983935495,
    "nauc_mrr_at_5_diff1": -0.052205714737522245,
    "nauc_mrr_at_10_max": 0.06111932140173547,
    "nauc_mrr_at_10_std": 0.024806822983935495,
    "nauc_mrr_at_10_diff1": -0.052205714737522245,
    "nauc_mrr_at_100_max": 0.0789136140616213,
    "nauc_mrr_at_100_std": 0.019745030649612427,
    "nauc_mrr_at_100_diff1": -0.04149350600181659,
    "nauc_mrr_at_1000_max": 0.0789136140616213,
    "nauc_mrr_at_1000_std": 0.019745030649612427,
    "nauc_mrr_at_1000_diff1": -0.04149350600181659,
    "cv_recall_at_1": 0.65625,
    "cv_recall_at_3": 0.875,
    "cv_recall_at_5": 0.96875,
    "cv_recall_at_10": 0.96875,
    "cv_recall_at_100": 1.0,
    "cv_recall_at_1000": 1.0
  },
  "changed": {
    "ndcg_at_1": 0.125,
    "ndcg_at_3": 0.13326,
    "ndcg_at_5": 0.15271,
    "ndcg_at_10": 0.20525,
    "ndcg_at_100": 0.36852,
    "ndcg_at_1000": 0.44538,
    "map_at_1": 0.00764,
    "map_at_3": 0.03644,
    "map_at_5": 0.05756,
    "map_at_10": 0.0969,
    "map_at_100": 0.19798,
    "map_at_1000": 0.21892,
    "recall_at_1": 0.00764,
    "recall_at_3": 0.05486,
    "recall_at_5": 0.09725,
    "recall_at_10": 0.20503,
    "recall_at_100": 0.68582,
    "recall_at_1000": 1.0,
    "accuracy": 0.00764,
    "precision_at_1": 0.125,
    "precision_at_3": 0.22917,
    "precision_at_5": 0.24375,
    "precision_at_10": 0.25,
    "precision_at_100": 0.09812,
    "precision_at_1000": 0.01634,
    "mrr_at_1_max": 0.015131998606901688,
    "mrr_at_1_std": -0.21397088347042972,
    "mrr_at_1_diff1": 0.02394344522510838,
    "mrr_at_3_max": 0.044176324015365476,
    "mrr_at_3_std": -0.23364978041576734,
    "mrr_at_3_diff1": 0.1680519960544751,
    "mrr_at_5_max": 0.16080146824171823,
    "mrr_at_5_std": -0.19372240039828448,
    "mrr_at_5_diff1": 0.2686917097999131,
    "mrr_at_10_max": 0.24946978362503033,
    "mrr_at_10_std": -0.0993725879479779,
    "mrr_at_10_diff1": 0.2722815605146598,
    "mrr_at_100_max": 0.04901756914965016,
    "mrr_at_100_std": -0.10183877020695668,
    "mrr_at_100_diff1": -0.03844029193809066,
    "mrr_at_1000_max": 0.04617389144666796,
    "mrr_at_1000_std": 0.049111859699518166,
    "mrr_at_1000_diff1": -0.13188924240494548,
    "mrr_at_1": 0.125,
    "mrr_at_3": 0.27604166666666663,
    "mrr_at_5": 0.31197916666666664,
    "mrr_at_10": 0.3462053571428571,
    "mrr_at_100": 0.3510060858550158,
    "mrr_at_1000": 0.3510060858550158,
    "nauc_mrr_at_1_max": 0.015131998606901688,
    "nauc_mrr_at_1_std": -0.21397088347042972,
    "nauc_mrr_at_1_diff1": 0.02394344522510838,
    "nauc_mrr_at_3_max": 0.018867337336929316,
    "nauc_mrr_at_3_std": -0.2535360474214612,
    "nauc_mrr_at_3_diff1": 0.14620714070098872,
    "nauc_mrr_at_5_max": 0.011559752870699137,
    "nauc_mrr_at_5_std": -0.23653566832352368,
    "nauc_mrr_at_5_diff1": 0.14288524893015914,
    "nauc_mrr_at_10_max": -0.022835403260708684,
    "nauc_mrr_at_10_std": -0.22268059664039017,
    "nauc_mrr_at_10_diff1": 0.12004469124293478,
    "nauc_mrr_at_100_max": -0.0174102744331223,
    "nauc_mrr_at_100_std": -0.2295990220771702,
    "nauc_mrr_at_100_diff1": 0.11532265268700471,
    "nauc_mrr_at_1000_max": -0.0174102744331223,
    "nauc_mrr_at_1000_std": -0.2295990220771702,
    "nauc_mrr_at_1000_diff1": 0.11532265268700471,
    "cv_recall_at_1": 0.125,
    "cv_recall_at_3": 0.46875,
    "cv_recall_at_5": 0.625,
    "cv_recall_at_10": 0.875,
    "cv_recall_at_100": 1.0,
    "cv_recall_at_1000": 1.0
  }
}