{
  "task": "Robust04InstructionRetrieval",
  "p-MRR": -0.03991522400393315,
  "original": {
    "ndcg_at_1": 0.34615,
    "ndcg_at_3": 0.35483,
    "ndcg_at_5": 0.32315,
    "ndcg_at_10": 0.30968,
    "ndcg_at_100": 0.37906,
    "ndcg_at_1000": 0.57843,
    "map_at_1": 0.03217,
    "map_at_3": 0.0654,
    "map_at_5": 0.07929,
    "map_at_10": 0.10779,
    "map_at_100": 0.19113,
    "map_at_1000": 0.23062,
    "recall_at_1": 0.03217,
    "recall_at_3": 0.0741,
    "recall_at_5": 0.09482,
    "recall_at_10": 0.14789,
    "recall_at_100": 0.47431,
    "recall_at_1000": 1.0,
    "accuracy": 0.03217,
    "precision_at_1": 0.46154,
    "precision_at_3": 0.45513,
    "precision_at_5": 0.38462,
    "precision_at_10": 0.31346,
    "precision_at_100": 0.12692,
    "precision_at_1000": 0.03369,
    "mrr_at_1_max": -0.0007572235586668734,
    "mrr_at_1_std": -0.03467564937697647,
    "mrr_at_1_diff1": 0.34919445651518516,
    "mrr_at_3_max": -0.0476767086058779,
    "mrr_at_3_std": -0.08903742797140221,
    "mrr_at_3_diff1": 0.18809446499287508,
    "mrr_at_5_max": -0.18024857812488176,
    "mrr_at_5_std": -0.21853512972830272,
    "mrr_at_5_diff1": 0.04629971508132827,
    "mrr_at_10_max": -0.15030646995564179,
    "mrr_at_10_std": -0.18619043759016432,
    "mrr_at_10_diff1": 0.021863273714572154,
    "mrr_at_100_max": -0.10372858714386302,
    "mrr_at_100_std": -0.09055841847280792,
    "mrr_at_100_diff1": -0.10461902177621084,
    "mrr_at_1000_max": -0.14373111426497953,
    "mrr_at_1000_std": -0.10715626364640168,
    "mrr_at_1000_diff1": -0.15794316097661176,
    "mrr_at_1": 0.46153846153846156,
    "mrr_at_3": 0.596153846153846,
    "mrr_at_5": 0.6057692307692307,
    "mrr_at_10": 0.6165064102564102,
    "mrr_at_100": 0.6247616877424568,
    "mrr_at_1000": 0.6247616877424568,
    "nauc_mrr_at_1_max": -0.0007572235586668734,
    "nauc_mrr_at_1_std": -0.03467564937697647,
    "nauc_mrr_at_1_diff1": 0.34919445651518516,
    "nauc_mrr_at_3_max": -0.043786827687122415,
    "nauc_mrr_at_3_std": -0.0710151059804449,
    "nauc_mrr_at_3_diff1": 0.29747866831008335,
    "nauc_mrr_at_5_max": -0.0561018714548316,
    "nauc_mrr_at_5_std": -0.08196506902987893,
    "nauc_mrr_at_5_diff1": 0.27810229609335513,
    "nauc_mrr_at_10_max": -0.04868545582555139,
    "nauc_mrr_at_10_std": -0.07170532812495246,
    "nauc_mrr_at_10_diff1": 0.299404598675332,
    "nauc_mrr_at_100_max": -0.037528707430846006,
    "nauc_mrr_at_100_std": -0.05932909272076545,
    "nauc_mrr_at_100_diff1": 0.29910348675773335,
    "nauc_mrr_at_1000_max": -0.037528707430846006,
    "nauc_mrr_at_1000_std": -0.05932909272076545,
    "nauc_mrr_at_1000_diff1": 0.29910348675773335,
    "cv_recall_at_1": 0.46154,
    "cv_recall_at_3": 0.75,
    "cv_recall_at_5": 0.78846,
    "cv_recall_at_10": 0.86538,
    "cv_recall_at_100": 1.0,
    "cv_recall_at_1000": 1.0
  },
  "changed": {
    "ndcg_at_1": 0.28846,
    "ndcg_at_3": 0.25171,
    "ndcg_at_5": 0.23037,
    "ndcg_at_10": 0.23948,
    "ndcg_at_100": 0.33678,
    "ndcg_at_1000": 0.50226,
    "map_at_1": 0.05344,
    "map_at_3": 0.08111,
    "map_at_5": 0.09468,
    "map_at_10": 0.11968,
    "map_at_100": 0.17273,
    "map_at_1000": 0.19697,
    "recall_at_1": 0.05344,
    "recall_at_3": 0.09156,
    "recall_at_5": 0.11633,
    "recall_at_10": 0.18012,
    "recall_at_100": 0.47869,
    "recall_at_1000": 1.0,
    "accuracy": 0.05344,
    "precision_at_1": 0.34615,
    "precision_at_3": 0.27564,
    "precision_at_5": 0.23077,
    "precision_at_10": 0.19808,
    "precision_at_100": 0.07635,
    "precision_at_1000": 0.01981,
    "mrr_at_1_max": 0.026416613527702842,
    "mrr_at_1_std": 0.17513197427508354,
    "mrr_at_1_diff1": 0.34858343012902054,
    "mrr_at_3_max": 0.056999917133006436,
    "mrr_at_3_std": 0.10916823960380612,
    "mrr_at_3_diff1": 0.35372128360768745,
    "mrr_at_5_max": -0.0223507025864183,
    "mrr_at_5_std": -0.04868834960152177,
    "mrr_at_5_diff1": 0.27626050373911737,
    "mrr_at_10_max": -0.02238657686204284,
    "mrr_at_10_std": -0.06459709850980082,
    "mrr_at_10_diff1": 0.22058164704980585,
    "mrr_at_100_max": -0.0527393148334015,
    "mrr_at_100_std": -0.06721325742645472,
    "mrr_at_100_diff1": 0.08017905846949883,
    "mrr_at_1000_max": -0.17880034094883676,
    "mrr_at_1000_std": -0.18204691708732298,
    "mrr_at_1000_diff1": -0.04705920376220209,
    "mrr_at_1": 0.34615384615384615,
    "mrr_at_3": 0.4230769230769231,
    "mrr_at_5": 0.4423076923076923,
    "mrr_at_10": 0.4557921245421246,
    "mrr_at_100": 0.4686214907243175,
    "mrr_at_1000": 0.4688029130755512,
    "nauc_mrr_at_1_max": 0.026416613527702842,
    "nauc_mrr_at_1_std": 0.17513197427508354,
    "nauc_mrr_at_1_diff1": 0.34858343012902054,
    "nauc_mrr_at_3_max": 0.014761978234758383,
    "nauc_mrr_at_3_std": 0.1528310659731323,
    "nauc_mrr_at_3_diff1": 0.3589035286494335,
    "nauc_mrr_at_5_max": -0.018530420901358674,
    "nauc_mrr_at_5_std": 0.11182595958704199,
    "nauc_mrr_at_5_diff1": 0.3336377461064795,
    "nauc_mrr_at_10_max": -0.0121516007826671,
    "nauc_mrr_at_10_std": 0.1153651408697771,
    "nauc_mrr_at_10_diff1": 0.3452317615013506,
    "nauc_mrr_at_100_max": -0.005477171841363609,
    "nauc_mrr_at_100_std": 0.12536150900089865,
    "nauc_mrr_at_100_diff1": 0.3470751901577925,
    "nauc_mrr_at_1000_max": -0.0051726871820542445,
    "nauc_mrr_at_1000_std": 0.12552588339846707,
    "nauc_mrr_at_1000_diff1": 0.34671146737769004,
    "cv_recall_at_1": 0.34615,
    "cv_recall_at_3": 0.51923,
    "cv_recall_at_5": 0.59615,
    "cv_recall_at_10": 0.69231,
    "cv_recall_at_100": 0.98077,
    "cv_recall_at_1000": 1.0
  }
}