{
  "task": "Core17InstructionRetrieval",
  "p-MRR": 0.061490089575668906,
  "original": {
    "ndcg_at_1": 0.45,
    "ndcg_at_3": 0.39416,
    "ndcg_at_5": 0.40297,
    "ndcg_at_10": 0.36876,
    "ndcg_at_100": 0.42977,
    "ndcg_at_1000": 0.65679,
    "map_at_1": 0.02018,
    "map_at_3": 0.03321,
    "map_at_5": 0.04956,
    "map_at_10": 0.07679,
    "map_at_100": 0.22725,
    "map_at_1000": 0.29527,
    "recall_at_1": 0.02018,
    "recall_at_3": 0.03548,
    "recall_at_5": 0.05877,
    "recall_at_10": 0.11276,
    "recall_at_100": 0.47786,
    "recall_at_1000": 1.0,
    "accuracy": 0.02018,
    "precision_at_1": 0.6,
    "precision_at_3": 0.46667,
    "precision_at_5": 0.48,
    "precision_at_10": 0.425,
    "precision_at_100": 0.2315,
    "precision_at_1000": 0.0545,
    "mrr_at_1_max": -0.22885129118432787,
    "mrr_at_1_std": 0.3557435440783617,
    "mrr_at_1_diff1": 0.3308103294746215,
    "mrr_at_3_max": 0.02279305354558617,
    "mrr_at_3_std": 0.37821440498719794,
    "mrr_at_3_diff1": 0.31133808304575317,
    "mrr_at_5_max": -0.11085294691474117,
    "mrr_at_5_std": 0.1819052517692125,
    "mrr_at_5_diff1": 0.23804118408683744,
    "mrr_at_10_max": -0.007584243682366023,
    "mrr_at_10_std": 0.41435867923171027,
    "mrr_at_10_diff1": 0.15778926490386128,
    "mrr_at_100_max": 0.016967286428364103,
    "mrr_at_100_std": 0.30416578320769944,
    "mrr_at_100_diff1": -0.11661902081063769,
    "mrr_at_1000_max": 0.4315781271914105,
    "mrr_at_1000_std": 0.2832400928768448,
    "mrr_at_1000_diff1": -0.1226628851038617,
    "mrr_at_1": 0.6,
    "mrr_at_3": 0.675,
    "mrr_at_5": 0.7125,
    "mrr_at_10": 0.7180555555555556,
    "mrr_at_100": 0.7180555555555556,
    "mrr_at_1000": 0.7180555555555556,
    "nauc_mrr_at_1_max": -0.22885129118432787,
    "nauc_mrr_at_1_std": 0.3557435440783617,
    "nauc_mrr_at_1_diff1": 0.3308103294746215,
    "nauc_mrr_at_3_max": -0.30256208807996177,
    "nauc_mrr_at_3_std": 0.3057046833398809,
    "nauc_mrr_at_3_diff1": 0.33678145868796616,
    "nauc_mrr_at_5_max": -0.36119731704875335,
    "nauc_mrr_at_5_std": 0.23906296926619353,
    "nauc_mrr_at_5_diff1": 0.3226048653518873,
    "nauc_mrr_at_10_max": -0.32754475324468185,
    "nauc_mrr_at_10_std": 0.2730090361102568,
    "nauc_mrr_at_10_diff1": 0.3169532469604259,
    "nauc_mrr_at_100_max": -0.32754475324468185,
    "nauc_mrr_at_100_std": 0.2730090361102568,
    "nauc_mrr_at_100_diff1": 0.3169532469604259,
    "nauc_mrr_at_1000_max": -0.32754475324468185,
    "nauc_mrr_at_1000_std": 0.2730090361102568,
    "nauc_mrr_at_1000_diff1": 0.3169532469604259,
    "cv_recall_at_1": 0.6,
    "cv_recall_at_3": 0.8,
    "cv_recall_at_5": 0.95,
    "cv_recall_at_10": 1.0,
    "cv_recall_at_100": 1.0,
    "cv_recall_at_1000": 1.0
  },
  "changed": {
    "ndcg_at_1": 0.275,
    "ndcg_at_3": 0.20866,
    "ndcg_at_5": 0.218,
    "ndcg_at_10": 0.226,
    "ndcg_at_100": 0.35003,
    "ndcg_at_1000": 0.53558,
    "map_at_1": 0.01329,
    "map_at_3": 0.02163,
    "map_at_5": 0.03227,
    "map_at_10": 0.05314,
    "map_at_100": 0.15904,
    "map_at_1000": 0.1962,
    "recall_at_1": 0.01329,
    "recall_at_3": 0.02385,
    "recall_at_5": 0.04085,
    "recall_at_10": 0.10011,
    "recall_at_100": 0.49181,
    "recall_at_1000": 1.0,
    "accuracy": 0.01329,
    "precision_at_1": 0.35,
    "precision_at_3": 0.25,
    "precision_at_5": 0.28,
    "precision_at_10": 0.275,
    "precision_at_100": 0.143,
    "precision_at_1000": 0.0327,
    "mrr_at_1_max": -0.0017799459423825578,
    "mrr_at_1_std": 0.07040675060979633,
    "mrr_at_1_diff1": 0.10231392972509712,
    "mrr_at_3_max": 0.14090844368503475,
    "mrr_at_3_std": 0.051374056670938126,
    "mrr_at_3_diff1": 0.40820162323793263,
    "mrr_at_5_max": 0.05225665740317282,
    "mrr_at_5_std": 0.06194814788757143,
    "mrr_at_5_diff1": 0.33348577057023243,
    "mrr_at_10_max": -0.08658735430883525,
    "mrr_at_10_std": 0.036379008394226496,
    "mrr_at_10_diff1": 0.12621535116854857,
    "mrr_at_100_max": -0.022437654830718735,
    "mrr_at_100_std": 0.07232369942196504,
    "mrr_at_100_diff1": 0.07237985136251021,
    "mrr_at_1000_max": 0.5012193090724278,
    "mrr_at_1000_std": 0.14274030638610394,
    "mrr_at_1000_diff1": -0.12695975639443335,
    "mrr_at_1": 0.35,
    "mrr_at_3": 0.4,
    "mrr_at_5": 0.44499999999999995,
    "mrr_at_10": 0.48061507936507936,
    "mrr_at_100": 0.4862523342670402,
    "mrr_at_1000": 0.4862523342670402,
    "nauc_mrr_at_1_max": -0.0017799459423825578,
    "nauc_mrr_at_1_std": 0.07040675060979633,
    "nauc_mrr_at_1_diff1": 0.10231392972509712,
    "nauc_mrr_at_3_max": 0.028447539583470037,
    "nauc_mrr_at_3_std": -0.041817226200644035,
    "nauc_mrr_at_3_diff1": 0.26404309835096246,
    "nauc_mrr_at_5_max": 0.023746457416950875,
    "nauc_mrr_at_5_std": 0.009919232537552993,
    "nauc_mrr_at_5_diff1": 0.19768128075099314,
    "nauc_mrr_at_10_max": 0.031958636293584954,
    "nauc_mrr_at_10_std": 0.03281324857828537,
    "nauc_mrr_at_10_diff1": 0.1623421260099567,
    "nauc_mrr_at_100_max": 0.02108019302371704,
    "nauc_mrr_at_100_std": 0.016462334738093186,
    "nauc_mrr_at_100_diff1": 0.18822607567637972,
    "nauc_mrr_at_1000_max": 0.02108019302371704,
    "nauc_mrr_at_1000_std": 0.016462334738093186,
    "nauc_mrr_at_1000_diff1": 0.18822607567637972,
    "cv_recall_at_1": 0.35,
    "cv_recall_at_3": 0.45,
    "cv_recall_at_5": 0.65,
    "cv_recall_at_10": 0.9,
    "cv_recall_at_100": 1.0,
    "cv_recall_at_1000": 1.0
  }
}