{
  "task": "Robust04InstructionRetrieval",
  "p-MRR": -0.045180829748721396,
  "original": {
    "ndcg_at_1": 0.33654,
    "ndcg_at_3": 0.33562,
    "ndcg_at_5": 0.32869,
    "ndcg_at_10": 0.31231,
    "ndcg_at_100": 0.37842,
    "ndcg_at_1000": 0.57695,
    "map_at_1": 0.03096,
    "map_at_3": 0.0597,
    "map_at_5": 0.07795,
    "map_at_10": 0.10632,
    "map_at_100": 0.18931,
    "map_at_1000": 0.22864,
    "recall_at_1": 0.03096,
    "recall_at_3": 0.06849,
    "recall_at_5": 0.10073,
    "recall_at_10": 0.15159,
    "recall_at_100": 0.47526,
    "recall_at_1000": 1.0,
    "accuracy": 0.03096,
    "precision_at_1": 0.46154,
    "precision_at_3": 0.42949,
    "precision_at_5": 0.39615,
    "precision_at_10": 0.31923,
    "precision_at_100": 0.12788,
    "precision_at_1000": 0.03369,
    "mrr_at_1_max": 0.12522618258029236,
    "mrr_at_1_std": 0.08063662126451016,
    "mrr_at_1_diff1": 0.3522820561334497,
    "mrr_at_3_max": -0.057250338569257944,
    "mrr_at_3_std": -0.09165764739163866,
    "mrr_at_3_diff1": 0.15293169024095427,
    "mrr_at_5_max": -0.10667517291553923,
    "mrr_at_5_std": -0.13046662435302567,
    "mrr_at_5_diff1": 0.05301970884799643,
    "mrr_at_10_max": -0.12756951849382242,
    "mrr_at_10_std": -0.1480025913999284,
    "mrr_at_10_diff1": 0.03515929875170513,
    "mrr_at_100_max": -0.11324574349267479,
    "mrr_at_100_std": -0.10653275116922345,
    "mrr_at_100_diff1": -0.07559319780291514,
    "mrr_at_1000_max": -0.14373111426497953,
    "mrr_at_1000_std": -0.12177897879998739,
    "mrr_at_1000_diff1": -0.07877944274004176,
    "mrr_at_1": 0.46153846153846156,
    "mrr_at_3": 0.596153846153846,
    "mrr_at_5": 0.6134615384615384,
    "mrr_at_10": 0.6205128205128205,
    "mrr_at_100": 0.6268962718316167,
    "mrr_at_1000": 0.6268962718316167,
    "nauc_mrr_at_1_max": 0.12522618258029236,
    "nauc_mrr_at_1_std": 0.08063662126451016,
    "nauc_mrr_at_1_diff1": 0.3522820561334497,
    "nauc_mrr_at_3_max": 0.03200706925922433,
    "nauc_mrr_at_3_std": -0.004192675138675714,
    "nauc_mrr_at_3_diff1": 0.2732057335337327,
    "nauc_mrr_at_5_max": 0.03254823441381412,
    "nauc_mrr_at_5_std": -0.0032636374886794704,
    "nauc_mrr_at_5_diff1": 0.24484332452379465,
    "nauc_mrr_at_10_max": 0.04304060057292031,
    "nauc_mrr_at_10_std": 0.012169804630128107,
    "nauc_mrr_at_10_diff1": 0.26233398351157733,
    "nauc_mrr_at_100_max": 0.0449878790606177,
    "nauc_mrr_at_100_std": 0.014677513679983684,
    "nauc_mrr_at_100_diff1": 0.26213939327247476,
    "nauc_mrr_at_1000_max": 0.0449878790606177,
    "nauc_mrr_at_1000_std": 0.014677513679983684,
    "nauc_mrr_at_1000_diff1": 0.26213939327247476,
    "cv_recall_at_1": 0.46154,
    "cv_recall_at_3": 0.75,
    "cv_recall_at_5": 0.82692,
    "cv_recall_at_10": 0.88462,
    "cv_recall_at_100": 1.0,
    "cv_recall_at_1000": 1.0
  },
  "changed": {
    "ndcg_at_1": 0.31731,
    "ndcg_at_3": 0.25956,
    "ndcg_at_5": 0.23996,
    "ndcg_at_10": 0.23895,
    "ndcg_at_100": 0.34027,
    "ndcg_at_1000": 0.50517,
    "map_at_1": 0.05458,
    "map_at_3": 0.08207,
    "map_at_5": 0.09692,
    "map_at_10": 0.11818,
    "map_at_100": 0.17374,
    "map_at_1000": 0.19817,
    "recall_at_1": 0.05458,
    "recall_at_3": 0.0923,
    "recall_at_5": 0.11944,
    "recall_at_10": 0.17234,
    "recall_at_100": 0.4804,
    "recall_at_1000": 1.0,
    "accuracy": 0.05458,
    "precision_at_1": 0.38462,
    "precision_at_3": 0.28205,
    "precision_at_5": 0.23846,
    "precision_at_10": 0.19231,
    "precision_at_100": 0.07596,
    "precision_at_1000": 0.01981,
    "mrr_at_1_max": -0.03191108876858064,
    "mrr_at_1_std": 0.08639657542044271,
    "mrr_at_1_diff1": 0.2520454068497076,
    "mrr_at_3_max": 0.03277484043864559,
    "mrr_at_3_std": 0.12214250861233698,
    "mrr_at_3_diff1": 0.3411103243972923,
    "mrr_at_5_max": 0.0016771149118741545,
    "mrr_at_5_std": 0.03500837900530952,
    "mrr_at_5_diff1": 0.22118671527348324,
    "mrr_at_10_max": -0.0234480640827663,
    "mrr_at_10_std": -0.02189846923902019,
    "mrr_at_10_diff1": 0.1942972649335522,
    "mrr_at_100_max": -0.052980446798528175,
    "mrr_at_100_std": -0.036103662794199506,
    "mrr_at_100_diff1": 0.11754530809080845,
    "mrr_at_1000_max": -0.17880034094883676,
    "mrr_at_1000_std": -0.17671692576736472,
    "mrr_at_1000_diff1": 0.024590842791778963,
    "mrr_at_1": 0.38461538461538464,
    "mrr_at_3": 0.4487179487179488,
    "mrr_at_5": 0.47564102564102567,
    "mrr_at_10": 0.48052503052503054,
    "mrr_at_100": 0.4947877762103237,
    "mrr_at_1000": 0.4949521417593046,
    "nauc_mrr_at_1_max": -0.03191108876858064,
    "nauc_mrr_at_1_std": 0.08639657542044271,
    "nauc_mrr_at_1_diff1": 0.2520454068497076,
    "nauc_mrr_at_3_max": -0.03310548522920635,
    "nauc_mrr_at_3_std": 0.09838275792576383,
    "nauc_mrr_at_3_diff1": 0.3107520435359502,
    "nauc_mrr_at_5_max": -0.05260157490850214,
    "nauc_mrr_at_5_std": 0.07310198055292762,
    "nauc_mrr_at_5_diff1": 0.2911826169900963,
    "nauc_mrr_at_10_max": -0.0520371501051378,
    "nauc_mrr_at_10_std": 0.06917893746373246,
    "nauc_mrr_at_10_diff1": 0.29725819758893673,
    "nauc_mrr_at_100_max": -0.04178467479914844,
    "nauc_mrr_at_100_std": 0.08168513974629804,
    "nauc_mrr_at_100_diff1": 0.2957615009010904,
    "nauc_mrr_at_1000_max": -0.04152664463280458,
    "nauc_mrr_at_1000_std": 0.08181226154508864,
    "nauc_mrr_at_1000_diff1": 0.2954712103508811,
    "cv_recall_at_1": 0.38462,
    "cv_recall_at_3": 0.53846,
    "cv_recall_at_5": 0.65385,
    "cv_recall_at_10": 0.69231,
    "cv_recall_at_100": 0.98077,
    "cv_recall_at_1000": 1.0
  }
}