{
  "task": "Core17InstructionRetrieval",
  "p-MRR": 0.019713055500744883,
  "original": {
    "ndcg_at_1": 0.55,
    "ndcg_at_3": 0.46299,
    "ndcg_at_5": 0.45459,
    "ndcg_at_10": 0.41513,
    "ndcg_at_100": 0.37571,
    "ndcg_at_1000": 0.64266,
    "map_at_1": 0.01416,
    "map_at_3": 0.03441,
    "map_at_5": 0.05531,
    "map_at_10": 0.08545,
    "map_at_100": 0.17786,
    "map_at_1000": 0.25268,
    "recall_at_1": 0.01416,
    "recall_at_3": 0.03598,
    "recall_at_5": 0.06095,
    "recall_at_10": 0.10314,
    "recall_at_100": 0.3574,
    "recall_at_1000": 1.0,
    "accuracy": 0.01416,
    "precision_at_1": 0.6,
    "precision_at_3": 0.5,
    "precision_at_5": 0.51,
    "precision_at_10": 0.46,
    "precision_at_100": 0.1855,
    "precision_at_1000": 0.0545,
    "mrr_at_1_max": 0.7203176016622143,
    "mrr_at_1_std": 0.05498664292074763,
    "mrr_at_1_diff1": 0.29600771742356774,
    "mrr_at_3_max": 0.8189755235932372,
    "mrr_at_3_std": -0.21637648246278093,
    "mrr_at_3_diff1": 0.17925813777441302,
    "mrr_at_5_max": 0.820281569825703,
    "mrr_at_5_std": -0.06607198593793634,
    "mrr_at_5_diff1": 0.13687513347461136,
    "mrr_at_10_max": 0.8537357176230724,
    "mrr_at_10_std": -0.06404239051947573,
    "mrr_at_10_diff1": 0.19513231109034518,
    "mrr_at_100_max": 0.49163259726469893,
    "mrr_at_100_std": 0.20953476986463382,
    "mrr_at_100_diff1": 0.18057312893811509,
    "mrr_at_1000_max": -0.23495036698820282,
    "mrr_at_1000_std": 0.09854451387698519,
    "mrr_at_1000_diff1": 0.1318305776752739,
    "mrr_at_1": 0.6,
    "mrr_at_3": 0.6666666666666666,
    "mrr_at_5": 0.7041666666666666,
    "mrr_at_10": 0.7041666666666666,
    "mrr_at_100": 0.7068524096385542,
    "mrr_at_1000": 0.7068524096385542,
    "nauc_mrr_at_1_max": 0.7203176016622143,
    "nauc_mrr_at_1_std": 0.05498664292074763,
    "nauc_mrr_at_1_diff1": 0.29600771742356774,
    "nauc_mrr_at_3_max": 0.7528737259343149,
    "nauc_mrr_at_3_std": -0.09191676104190274,
    "nauc_mrr_at_3_diff1": 0.2069365798414499,
    "nauc_mrr_at_5_max": 0.7236404791698212,
    "nauc_mrr_at_5_std": -0.05682769174364506,
    "nauc_mrr_at_5_diff1": 0.27885420070616207,
    "nauc_mrr_at_10_max": 0.7236404791698212,
    "nauc_mrr_at_10_std": -0.05682769174364506,
    "nauc_mrr_at_10_diff1": 0.27885420070616207,
    "nauc_mrr_at_100_max": 0.7245650714951232,
    "nauc_mrr_at_100_std": -0.05457486646488923,
    "nauc_mrr_at_100_diff1": 0.2784014799647821,
    "nauc_mrr_at_1000_max": 0.7245650714951232,
    "nauc_mrr_at_1000_std": -0.05457486646488923,
    "nauc_mrr_at_1000_diff1": 0.2784014799647821,
    "cv_recall_at_1": 0.6,
    "cv_recall_at_3": 0.75,
    "cv_recall_at_5": 0.9,
    "cv_recall_at_10": 0.9,
    "cv_recall_at_100": 1.0,
    "cv_recall_at_1000": 1.0
  },
  "changed": {
    "ndcg_at_1": 0.25,
    "ndcg_at_3": 0.2027,
    "ndcg_at_5": 0.2096,
    "ndcg_at_10": 0.20456,
    "ndcg_at_100": 0.2821,
    "ndcg_at_1000": 0.51088,
    "map_at_1": 0.01039,
    "map_at_3": 0.01972,
    "map_at_5": 0.02908,
    "map_at_10": 0.04484,
    "map_at_100": 0.09875,
    "map_at_1000": 0.14489,
    "recall_at_1": 0.01039,
    "recall_at_3": 0.02561,
    "recall_at_5": 0.0506,
    "recall_at_10": 0.09005,
    "recall_at_100": 0.36016,
    "recall_at_1000": 1.0,
    "accuracy": 0.01039,
    "precision_at_1": 0.3,
    "precision_at_3": 0.21667,
    "precision_at_5": 0.23,
    "precision_at_10": 0.22,
    "precision_at_100": 0.106,
    "precision_at_1000": 0.0327,
    "mrr_at_1_max": -0.14720983650858013,
    "mrr_at_1_std": 0.008107012565869638,
    "mrr_at_1_diff1": 0.5828942034860156,
    "mrr_at_3_max": 0.5039899202015958,
    "mrr_at_3_std": -0.26574013974266,
    "mrr_at_3_diff1": 0.6343782215264786,
    "mrr_at_5_max": 0.4311341734618233,
    "mrr_at_5_std": -0.1769014084507043,
    "mrr_at_5_diff1": 0.5210971089696071,
    "mrr_at_10_max": 0.4524270341410544,
    "mrr_at_10_std": -0.07747541998916131,
    "mrr_at_10_diff1": 0.3980413408686228,
    "mrr_at_100_max": 0.4315464694066748,
    "mrr_at_100_std": 0.13136878090234855,
    "mrr_at_100_diff1": 0.27535923980222493,
    "mrr_at_1000_max": -0.16242435372348468,
    "mrr_at_1000_std": -0.23562774131002148,
    "mrr_at_1000_diff1": 0.12048311118134096,
    "mrr_at_1": 0.3,
    "mrr_at_3": 0.3916666666666667,
    "mrr_at_5": 0.43916666666666665,
    "mrr_at_10": 0.4643055555555556,
    "mrr_at_100": 0.4672889175750622,
    "mrr_at_1000": 0.4672889175750622,
    "nauc_mrr_at_1_max": -0.14720983650858013,
    "nauc_mrr_at_1_std": 0.008107012565869638,
    "nauc_mrr_at_1_diff1": 0.5828942034860156,
    "nauc_mrr_at_3_max": -0.002419201997792747,
    "nauc_mrr_at_3_std": -0.09983388889508231,
    "nauc_mrr_at_3_diff1": 0.6211997904101497,
    "nauc_mrr_at_5_max": 0.002261467982530697,
    "nauc_mrr_at_5_std": -0.0695971522606958,
    "nauc_mrr_at_5_diff1": 0.5877512527748713,
    "nauc_mrr_at_10_max": 0.006015832290534109,
    "nauc_mrr_at_10_std": -0.07284315424993372,
    "nauc_mrr_at_10_diff1": 0.6096322824882009,
    "nauc_mrr_at_100_max": -0.001809465362958378,
    "nauc_mrr_at_100_std": -0.07909020611384858,
    "nauc_mrr_at_100_diff1": 0.6098430812870826,
    "nauc_mrr_at_1000_max": -0.001809465362958378,
    "nauc_mrr_at_1000_std": -0.07909020611384858,
    "nauc_mrr_at_1000_diff1": 0.6098430812870826,
    "cv_recall_at_1": 0.3,
    "cv_recall_at_3": 0.5,
    "cv_recall_at_5": 0.7,
    "cv_recall_at_10": 0.9,
    "cv_recall_at_100": 1.0,
    "cv_recall_at_1000": 1.0
  }
}