{
  "News21InstructionRetrieval": {
    "task": "News21InstructionRetrieval",
    "p-MRR": 0.0013896967550051141,
    "original": {
      "ndcg_at_1": 0.35547,
      "ndcg_at_3": 0.35758,
      "ndcg_at_5": 0.34988,
      "ndcg_at_10": 0.37174,
      "ndcg_at_100": 0.46295,
      "ndcg_at_1000": 0.60638,
      "map_at_1": 0.02838,
      "map_at_3": 0.0637,
      "map_at_5": 0.08767,
      "map_at_10": 0.14765,
      "map_at_100": 0.2805,
      "map_at_1000": 0.32762,
      "recall_at_1": 0.02838,
      "recall_at_3": 0.07095,
      "recall_at_5": 0.10496,
      "recall_at_10": 0.19101,
      "recall_at_100": 0.51492,
      "recall_at_1000": 1.0,
      "accuracy": 0.02838,
      "precision_at_1": 0.65625,
      "precision_at_3": 0.61458,
      "precision_at_5": 0.54375,
      "precision_at_10": 0.51562,
      "precision_at_100": 0.16531,
      "precision_at_1000": 0.03725,
      "mrr_at_1_max": -0.05968103924852257,
      "mrr_at_1_std": -0.037744507787839617,
      "mrr_at_1_diff1": 0.3246619534745127,
      "mrr_at_3_max": 0.08722683827789862,
      "mrr_at_3_std": -0.07382673291605832,
      "mrr_at_3_diff1": 0.19380455066947805,
      "mrr_at_5_max": 0.08723077702219033,
      "mrr_at_5_std": -0.1963512783301599,
      "mrr_at_5_diff1": 0.22034205564935397,
      "mrr_at_10_max": 0.058297749609398486,
      "mrr_at_10_std": -0.21987935551507687,
      "mrr_at_10_diff1": 0.05671021105127894,
      "mrr_at_100_max": -0.3426699454816027,
      "mrr_at_100_std": 0.05609910517931055,
      "mrr_at_100_diff1": 0.09412861308578212,
      "mrr_at_1000_max": -0.5597744731843558,
      "mrr_at_1000_std": 0.36089588944206236,
      "mrr_at_1000_diff1": 0.19418297814095184,
      "mrr_at_1": 0.65625,
      "mrr_at_3": 0.7552083333333333,
      "mrr_at_5": 0.7630208333333333,
      "mrr_at_10": 0.7726934523809523,
      "mrr_at_100": 0.7733728002070394,
      "mrr_at_1000": 0.7733728002070394,
      "nauc_mrr_at_1_max": -0.05968103924852257,
      "nauc_mrr_at_1_std": -0.037744507787839617,
      "nauc_mrr_at_1_diff1": 0.3246619534745127,
      "nauc_mrr_at_3_max": -0.007266356084959355,
      "nauc_mrr_at_3_std": -0.08677665760910243,
      "nauc_mrr_at_3_diff1": 0.3673863702384505,
      "nauc_mrr_at_5_max": -0.0121262360190762,
      "nauc_mrr_at_5_std": -0.11084772802986957,
      "nauc_mrr_at_5_diff1": 0.3413838772011462,
      "nauc_mrr_at_10_max": 0.002007018725590293,
      "nauc_mrr_at_10_std": -0.13188653123671634,
      "nauc_mrr_at_10_diff1": 0.3321861202189595,
      "nauc_mrr_at_100_max": -0.0010324073828013207,
      "nauc_mrr_at_100_std": -0.1260460889976061,
      "nauc_mrr_at_100_diff1": 0.3321023265796374,
      "nauc_mrr_at_1000_max": -0.0010324073828013207,
      "nauc_mrr_at_1000_std": -0.1260460889976061,
      "nauc_mrr_at_1000_diff1": 0.3321023265796374,
      "cv_recall_at_1": 0.65625,
      "cv_recall_at_3": 0.875,
      "cv_recall_at_5": 0.90625,
      "cv_recall_at_10": 0.96875,
      "cv_recall_at_100": 1.0,
      "cv_recall_at_1000": 1.0
    },
    "changed": {
      "ndcg_at_1": 0.14062,
      "ndcg_at_3": 0.16485,
      "ndcg_at_5": 0.17712,
      "ndcg_at_10": 0.22689,
      "ndcg_at_100": 0.34585,
      "ndcg_at_1000": 0.44896,
      "map_at_1": 0.0292,
      "map_at_3": 0.05002,
      "map_at_5": 0.06493,
      "map_at_10": 0.09163,
      "map_at_100": 0.16571,
      "map_at_1000": 0.18703,
      "recall_at_1": 0.0292,
      "recall_at_3": 0.06594,
      "recall_at_5": 0.10028,
      "recall_at_10": 0.18148,
      "recall_at_100": 0.53796,
      "recall_at_1000": 1.0,
      "accuracy": 0.0292,
      "precision_at_1": 0.21875,
      "precision_at_3": 0.22917,
      "precision_at_5": 0.21875,
      "precision_at_10": 0.20938,
      "precision_at_100": 0.07531,
      "precision_at_1000": 0.01634,
      "mrr_at_1_max": -0.049552969307521795,
      "mrr_at_1_std": -0.09777166047590412,
      "mrr_at_1_diff1": 0.26328989731003444,
      "mrr_at_3_max": -0.13821386272041505,
      "mrr_at_3_std": -0.04562518499733286,
      "mrr_at_3_diff1": -0.013934569475063505,
      "mrr_at_5_max": -0.2170424126001847,
      "mrr_at_5_std": -0.16055709484878988,
      "mrr_at_5_diff1": -0.02755156660847237,
      "mrr_at_10_max": -0.13869599334313484,
      "mrr_at_10_std": -0.14451047537609638,
      "mrr_at_10_diff1": -0.07377071298000636,
      "mrr_at_100_max": -0.45388402281236156,
      "mrr_at_100_std": 0.01216961001886288,
      "mrr_at_100_diff1": -0.011902867486276551,
      "mrr_at_1000_max": -0.546909315669462,
      "mrr_at_1000_std": 0.31449237101299576,
      "mrr_at_1000_diff1": -0.0566171788275547,
      "mrr_at_1": 0.21875,
      "mrr_at_3": 0.34375,
      "mrr_at_5": 0.37343750000000003,
      "mrr_at_10": 0.40071924603174597,
      "mrr_at_100": 0.4063343819993495,
      "mrr_at_1000": 0.4063343819993495,
      "nauc_mrr_at_1_max": -0.049552969307521795,
      "nauc_mrr_at_1_std": -0.09777166047590412,
      "nauc_mrr_at_1_diff1": 0.26328989731003444,
      "nauc_mrr_at_3_max": -0.13167482437944908,
      "nauc_mrr_at_3_std": -0.031719406586512046,
      "nauc_mrr_at_3_diff1": 0.1670893165804254,
      "nauc_mrr_at_5_max": -0.14277554308343038,
      "nauc_mrr_at_5_std": -0.06471158103325408,
      "nauc_mrr_at_5_diff1": 0.17037533091643825,
      "nauc_mrr_at_10_max": -0.12180021472861789,
      "nauc_mrr_at_10_std": -0.05000491704952746,
      "nauc_mrr_at_10_diff1": 0.2080055323307251,
      "nauc_mrr_at_100_max": -0.11697533238854381,
      "nauc_mrr_at_100_std": -0.050281973263276096,
      "nauc_mrr_at_100_diff1": 0.20670886346764686,
      "nauc_mrr_at_1000_max": -0.11697533238854381,
      "nauc_mrr_at_1000_std": -0.050281973263276096,
      "nauc_mrr_at_1000_diff1": 0.20670886346764686,
      "cv_recall_at_1": 0.21875,
      "cv_recall_at_3": 0.5,
      "cv_recall_at_5": 0.625,
      "cv_recall_at_10": 0.8125,
      "cv_recall_at_100": 1.0,
      "cv_recall_at_1000": 1.0
    }
  }
}