{
  "task": "Robust04InstructionRetrieval",
  "p-MRR": 0.032743715841863766,
  "original": {
    "ndcg_at_1": 0.49038,
    "ndcg_at_3": 0.42547,
    "ndcg_at_5": 0.38485,
    "ndcg_at_10": 0.38403,
    "ndcg_at_100": 0.41421,
    "ndcg_at_1000": 0.6094,
    "map_at_1": 0.03278,
    "map_at_3": 0.06404,
    "map_at_5": 0.07759,
    "map_at_10": 0.11523,
    "map_at_100": 0.20205,
    "map_at_1000": 0.24536,
    "recall_at_1": 0.03278,
    "recall_at_3": 0.07019,
    "recall_at_5": 0.09205,
    "recall_at_10": 0.17125,
    "recall_at_100": 0.47454,
    "recall_at_1000": 1.0,
    "accuracy": 0.03278,
    "precision_at_1": 0.59615,
    "precision_at_3": 0.48077,
    "precision_at_5": 0.40769,
    "precision_at_10": 0.375,
    "precision_at_100": 0.13308,
    "precision_at_1000": 0.03369,
    "mrr_at_1_max": 0.08866418539185389,
    "mrr_at_1_std": -0.29182504159707506,
    "mrr_at_1_diff1": 0.1787898330601966,
    "mrr_at_3_max": -0.018806692796165755,
    "mrr_at_3_std": -0.19710762664553985,
    "mrr_at_3_diff1": 0.0636326627050297,
    "mrr_at_5_max": 0.0823738342959466,
    "mrr_at_5_std": -0.09892213788407438,
    "mrr_at_5_diff1": 0.005360449109261506,
    "mrr_at_10_max": -0.042021526546742335,
    "mrr_at_10_std": -0.09229172971002404,
    "mrr_at_10_diff1": -0.07721516783065897,
    "mrr_at_100_max": -0.024847313488449235,
    "mrr_at_100_std": -0.020780935707057996,
    "mrr_at_100_diff1": -0.16754128074178323,
    "mrr_at_1000_max": 0.008868699581456523,
    "mrr_at_1000_std": 0.012714574329728235,
    "mrr_at_1000_diff1": -0.24667383323615408,
    "mrr_at_1": 0.5961538461538461,
    "mrr_at_3": 0.6730769230769231,
    "mrr_at_5": 0.6942307692307692,
    "mrr_at_10": 0.7006410256410257,
    "mrr_at_100": 0.7036847579268394,
    "mrr_at_1000": 0.7037619899317823,
    "nauc_mrr_at_1_max": 0.08866418539185389,
    "nauc_mrr_at_1_std": -0.29182504159707506,
    "nauc_mrr_at_1_diff1": 0.1787898330601966,
    "nauc_mrr_at_3_max": 0.10378510587916451,
    "nauc_mrr_at_3_std": -0.23702549296104095,
    "nauc_mrr_at_3_diff1": 0.08379251495691503,
    "nauc_mrr_at_5_max": 0.12008793491465643,
    "nauc_mrr_at_5_std": -0.22437564180304315,
    "nauc_mrr_at_5_diff1": 0.07489393020942015,
    "nauc_mrr_at_10_max": 0.11352395773161751,
    "nauc_mrr_at_10_std": -0.24044634794708653,
    "nauc_mrr_at_10_diff1": 0.09809105536245527,
    "nauc_mrr_at_100_max": 0.11874551294681807,
    "nauc_mrr_at_100_std": -0.246349825728185,
    "nauc_mrr_at_100_diff1": 0.10142346248522106,
    "nauc_mrr_at_1000_max": 0.11855341467515601,
    "nauc_mrr_at_1000_std": -0.2458646117783902,
    "nauc_mrr_at_1000_diff1": 0.10117965211712522,
    "cv_recall_at_1": 0.59615,
    "cv_recall_at_3": 0.76923,
    "cv_recall_at_5": 0.86538,
    "cv_recall_at_10": 0.90385,
    "cv_recall_at_100": 0.98077,
    "cv_recall_at_1000": 1.0
  },
  "changed": {
    "ndcg_at_1": 0.22115,
    "ndcg_at_3": 0.20558,
    "ndcg_at_5": 0.21019,
    "ndcg_at_10": 0.22973,
    "ndcg_at_100": 0.32663,
    "ndcg_at_1000": 0.48688,
    "map_at_1": 0.03128,
    "map_at_3": 0.05859,
    "map_at_5": 0.07466,
    "map_at_10": 0.09851,
    "map_at_100": 0.15509,
    "map_at_1000": 0.17971,
    "recall_at_1": 0.03128,
    "recall_at_3": 0.06759,
    "recall_at_5": 0.09291,
    "recall_at_10": 0.15932,
    "recall_at_100": 0.47704,
    "recall_at_1000": 1.0,
    "accuracy": 0.03128,
    "precision_at_1": 0.28846,
    "precision_at_3": 0.23077,
    "precision_at_5": 0.21538,
    "precision_at_10": 0.20192,
    "precision_at_100": 0.08,
    "precision_at_1000": 0.01981,
    "mrr_at_1_max": 0.07048516495879523,
    "mrr_at_1_std": -0.2717619182314422,
    "mrr_at_1_diff1": 0.13506524003469964,
    "mrr_at_3_max": 0.11947161952398049,
    "mrr_at_3_std": -0.29943797008202755,
    "mrr_at_3_diff1": 0.08831557343997876,
    "mrr_at_5_max": 0.17907047828567507,
    "mrr_at_5_std": -0.24760672303976347,
    "mrr_at_5_diff1": 0.08809270639382616,
    "mrr_at_10_max": 0.097185224356826,
    "mrr_at_10_std": -0.19062339890824762,
    "mrr_at_10_diff1": -0.06577947380681669,
    "mrr_at_100_max": -0.017638612982818488,
    "mrr_at_100_std": -0.0716992330860902,
    "mrr_at_100_diff1": -0.2286971145006569,
    "mrr_at_1000_max": -0.038534068096071905,
    "mrr_at_1000_std": -0.009121255774311212,
    "mrr_at_1000_diff1": -0.2752131074274696,
    "mrr_at_1": 0.28846153846153844,
    "mrr_at_3": 0.3333333333333333,
    "mrr_at_5": 0.3554487179487179,
    "mrr_at_10": 0.3809523809523809,
    "mrr_at_100": 0.3983550027785197,
    "mrr_at_1000": 0.3983941693146311,
    "nauc_mrr_at_1_max": 0.07048516495879523,
    "nauc_mrr_at_1_std": -0.2717619182314422,
    "nauc_mrr_at_1_diff1": 0.13506524003469964,
    "nauc_mrr_at_3_max": 0.0919100726652426,
    "nauc_mrr_at_3_std": -0.2521961108463729,
    "nauc_mrr_at_3_diff1": 0.11751633347243619,
    "nauc_mrr_at_5_max": 0.10007392945922829,
    "nauc_mrr_at_5_std": -0.22368601495689172,
    "nauc_mrr_at_5_diff1": 0.12046238944996582,
    "nauc_mrr_at_10_max": 0.08746393165775061,
    "nauc_mrr_at_10_std": -0.2372766749382465,
    "nauc_mrr_at_10_diff1": 0.10764664066777006,
    "nauc_mrr_at_100_max": 0.09160979685553047,
    "nauc_mrr_at_100_std": -0.24113134286073765,
    "nauc_mrr_at_100_diff1": 0.12195352045047121,
    "nauc_mrr_at_1000_max": 0.09151540731343485,
    "nauc_mrr_at_1000_std": -0.24094523141607488,
    "nauc_mrr_at_1000_diff1": 0.12190108881896874,
    "cv_recall_at_1": 0.28846,
    "cv_recall_at_3": 0.38462,
    "cv_recall_at_5": 0.48077,
    "cv_recall_at_10": 0.65385,
    "cv_recall_at_100": 0.98077,
    "cv_recall_at_1000": 1.0
  }
}