{
  "task": "Core17InstructionRetrieval",
  "p-MRR": 0.05968878486815434,
  "original": {
    "ndcg_at_1": 0.5,
    "ndcg_at_3": 0.41888,
    "ndcg_at_5": 0.40549,
    "ndcg_at_10": 0.36811,
    "ndcg_at_100": 0.42641,
    "ndcg_at_1000": 0.6568,
    "map_at_1": 0.02129,
    "map_at_3": 0.03501,
    "map_at_5": 0.04992,
    "map_at_10": 0.07607,
    "map_at_100": 0.22377,
    "map_at_1000": 0.2922,
    "recall_at_1": 0.02129,
    "recall_at_3": 0.03813,
    "recall_at_5": 0.05829,
    "recall_at_10": 0.11099,
    "recall_at_100": 0.47202,
    "recall_at_1000": 1.0,
    "accuracy": 0.02129,
    "precision_at_1": 0.65,
    "precision_at_3": 0.5,
    "precision_at_5": 0.48,
    "precision_at_10": 0.415,
    "precision_at_100": 0.2295,
    "precision_at_1000": 0.0545,
    "mrr_at_1_max": -0.4252583611359757,
    "mrr_at_1_std": 0.21580275042721114,
    "mrr_at_1_diff1": 0.1864268858328583,
    "mrr_at_3_max": -0.019162627207529166,
    "mrr_at_3_std": 0.283244040026079,
    "mrr_at_3_diff1": 0.3030586501119705,
    "mrr_at_5_max": 0.05862026626440532,
    "mrr_at_5_std": 0.4026065145322833,
    "mrr_at_5_diff1": 0.33639122274648736,
    "mrr_at_10_max": 0.03600475189618921,
    "mrr_at_10_std": 0.4528922598921688,
    "mrr_at_10_diff1": 0.17223592961507578,
    "mrr_at_100_max": 0.05062345361456165,
    "mrr_at_100_std": 0.3285686288919918,
    "mrr_at_100_diff1": -0.10650645501090085,
    "mrr_at_1000_max": 0.4315781271914105,
    "mrr_at_1000_std": 0.2691028657804929,
    "mrr_at_1000_diff1": -0.080154586962957,
    "mrr_at_1": 0.65,
    "mrr_at_3": 0.7166666666666667,
    "mrr_at_5": 0.7391666666666666,
    "mrr_at_10": 0.7447222222222222,
    "mrr_at_100": 0.7447222222222222,
    "mrr_at_1000": 0.7447222222222222,
    "nauc_mrr_at_1_max": -0.4252583611359757,
    "nauc_mrr_at_1_std": 0.21580275042721114,
    "nauc_mrr_at_1_diff1": 0.1864268858328583,
    "nauc_mrr_at_3_max": -0.43106366358546977,
    "nauc_mrr_at_3_std": 0.17061580523369382,
    "nauc_mrr_at_3_diff1": 0.28505402942325214,
    "nauc_mrr_at_5_max": -0.5037496924289377,
    "nauc_mrr_at_5_std": 0.12401621835584095,
    "nauc_mrr_at_5_diff1": 0.23109908958965578,
    "nauc_mrr_at_10_max": -0.4714514502060748,
    "nauc_mrr_at_10_std": 0.1573472676065959,
    "nauc_mrr_at_10_diff1": 0.2277815792908211,
    "nauc_mrr_at_100_max": -0.4714514502060748,
    "nauc_mrr_at_100_std": 0.1573472676065959,
    "nauc_mrr_at_100_diff1": 0.2277815792908211,
    "nauc_mrr_at_1000_max": -0.4714514502060748,
    "nauc_mrr_at_1000_std": 0.1573472676065959,
    "nauc_mrr_at_1000_diff1": 0.2277815792908211,
    "cv_recall_at_1": 0.65,
    "cv_recall_at_3": 0.85,
    "cv_recall_at_5": 0.95,
    "cv_recall_at_10": 1.0,
    "cv_recall_at_100": 1.0,
    "cv_recall_at_1000": 1.0
  },
  "changed": {
    "ndcg_at_1": 0.275,
    "ndcg_at_3": 0.20866,
    "ndcg_at_5": 0.2061,
    "ndcg_at_10": 0.21954,
    "ndcg_at_100": 0.34593,
    "ndcg_at_1000": 0.53337,
    "map_at_1": 0.01329,
    "map_at_3": 0.02163,
    "map_at_5": 0.03276,
    "map_at_10": 0.04994,
    "map_at_100": 0.15599,
    "map_at_1000": 0.19369,
    "recall_at_1": 0.01329,
    "recall_at_3": 0.02385,
    "recall_at_5": 0.04942,
    "recall_at_10": 0.08754,
    "recall_at_100": 0.48393,
    "recall_at_1000": 1.0,
    "accuracy": 0.01329,
    "precision_at_1": 0.35,
    "precision_at_3": 0.25,
    "precision_at_5": 0.26,
    "precision_at_10": 0.27,
    "precision_at_100": 0.1425,
    "precision_at_1000": 0.0327,
    "mrr_at_1_max": -0.0017799459423825578,
    "mrr_at_1_std": 0.07040675060979633,
    "mrr_at_1_diff1": 0.28129738282022543,
    "mrr_at_3_max": 0.14090844368503475,
    "mrr_at_3_std": 0.051374056670938126,
    "mrr_at_3_diff1": 0.5077317385732596,
    "mrr_at_5_max": 0.02162500504785339,
    "mrr_at_5_std": 0.12086580785849868,
    "mrr_at_5_diff1": 0.3984977587529782,
    "mrr_at_10_max": -0.008502655557179535,
    "mrr_at_10_std": 0.025824684500316934,
    "mrr_at_10_diff1": 0.292549822150758,
    "mrr_at_100_max": 0.026697601026984725,
    "mrr_at_100_std": 0.10427308710652253,
    "mrr_at_100_diff1": 0.07989222005295361,
    "mrr_at_1000_max": 0.5012193090724278,
    "mrr_at_1000_std": 0.14274030638610394,
    "mrr_at_1000_diff1": -0.14508069647959299,
    "mrr_at_1": 0.35,
    "mrr_at_3": 0.4,
    "mrr_at_5": 0.4525,
    "mrr_at_10": 0.479781746031746,
    "mrr_at_100": 0.485299764049764,
    "mrr_at_1000": 0.485299764049764,
    "nauc_mrr_at_1_max": -0.0017799459423825578,
    "nauc_mrr_at_1_std": 0.07040675060979633,
    "nauc_mrr_at_1_diff1": 0.28129738282022543,
    "nauc_mrr_at_3_max": 0.028447539583470037,
    "nauc_mrr_at_3_std": -0.041817226200644035,
    "nauc_mrr_at_3_diff1": 0.40102489980947365,
    "nauc_mrr_at_5_max": -0.0050578663039661225,
    "nauc_mrr_at_5_std": 0.024562306720979095,
    "nauc_mrr_at_5_diff1": 0.3257662458735255,
    "nauc_mrr_at_10_max": 0.023903909299328997,
    "nauc_mrr_at_10_std": 0.03336123510368696,
    "nauc_mrr_at_10_diff1": 0.2990146473382173,
    "nauc_mrr_at_100_max": 0.013010646688330574,
    "nauc_mrr_at_100_std": 0.01729134130537564,
    "nauc_mrr_at_100_diff1": 0.3286079015006588,
    "nauc_mrr_at_1000_max": 0.013010646688330574,
    "nauc_mrr_at_1000_std": 0.01729134130537564,
    "nauc_mrr_at_1000_diff1": 0.3286079015006588,
    "cv_recall_at_1": 0.35,
    "cv_recall_at_3": 0.45,
    "cv_recall_at_5": 0.7,
    "cv_recall_at_10": 0.9,
    "cv_recall_at_100": 1.0,
    "cv_recall_at_1000": 1.0
  }
}