{
  "task": "Robust04InstructionRetrieval",
  "p-MRR": -0.038108380856229154,
  "original": {
    "ndcg_at_1": 0.34615,
    "ndcg_at_3": 0.34354,
    "ndcg_at_5": 0.32599,
    "ndcg_at_10": 0.30849,
    "ndcg_at_100": 0.37885,
    "ndcg_at_1000": 0.57785,
    "map_at_1": 0.03217,
    "map_at_3": 0.06182,
    "map_at_5": 0.07938,
    "map_at_10": 0.10662,
    "map_at_100": 0.19004,
    "map_at_1000": 0.22973,
    "recall_at_1": 0.03217,
    "recall_at_3": 0.06993,
    "recall_at_5": 0.09992,
    "recall_at_10": 0.15034,
    "recall_at_100": 0.47478,
    "recall_at_1000": 1.0,
    "accuracy": 0.03217,
    "precision_at_1": 0.46154,
    "precision_at_3": 0.4359,
    "precision_at_5": 0.38846,
    "precision_at_10": 0.31154,
    "precision_at_100": 0.12731,
    "precision_at_1000": 0.03369,
    "mrr_at_1_max": -0.0007572235586668734,
    "mrr_at_1_std": -0.03467564937697647,
    "mrr_at_1_diff1": 0.30772740755833955,
    "mrr_at_3_max": -0.05852752772010578,
    "mrr_at_3_std": -0.09266687308697957,
    "mrr_at_3_diff1": 0.1944434123884575,
    "mrr_at_5_max": -0.135006903242955,
    "mrr_at_5_std": -0.1429861433157721,
    "mrr_at_5_diff1": 0.1307712352156749,
    "mrr_at_10_max": -0.14656569243432194,
    "mrr_at_10_std": -0.165501813679935,
    "mrr_at_10_diff1": 0.02625800670456987,
    "mrr_at_100_max": -0.10326395101551757,
    "mrr_at_100_std": -0.08653497712907443,
    "mrr_at_100_diff1": -0.03219837666924756,
    "mrr_at_1000_max": -0.13471687966276935,
    "mrr_at_1000_std": -0.10680043859631473,
    "mrr_at_1000_diff1": -0.07817846676048748,
    "mrr_at_1": 0.46153846153846156,
    "mrr_at_3": 0.596153846153846,
    "mrr_at_5": 0.6048076923076923,
    "mrr_at_10": 0.6187499999999999,
    "mrr_at_100": 0.6252851315351315,
    "mrr_at_1000": 0.6252851315351315,
    "nauc_mrr_at_1_max": -0.0007572235586668734,
    "nauc_mrr_at_1_std": -0.03467564937697647,
    "nauc_mrr_at_1_diff1": 0.30772740755833955,
    "nauc_mrr_at_3_max": -0.0488898634530287,
    "nauc_mrr_at_3_std": -0.0710151059804449,
    "nauc_mrr_at_3_diff1": 0.27063360623214083,
    "nauc_mrr_at_5_max": -0.028363992806460677,
    "nauc_mrr_at_5_std": -0.04612733828856139,
    "nauc_mrr_at_5_diff1": 0.2753505201952294,
    "nauc_mrr_at_10_max": -0.049958472407582784,
    "nauc_mrr_at_10_std": -0.06790488602144719,
    "nauc_mrr_at_10_diff1": 0.26950176883403765,
    "nauc_mrr_at_100_max": -0.03693111759745747,
    "nauc_mrr_at_100_std": -0.05456633714019825,
    "nauc_mrr_at_100_diff1": 0.27677939333405904,
    "nauc_mrr_at_1000_max": -0.03693111759745747,
    "nauc_mrr_at_1000_std": -0.05456633714019825,
    "nauc_mrr_at_1000_diff1": 0.27677939333405904,
    "cv_recall_at_1": 0.46154,
    "cv_recall_at_3": 0.75,
    "cv_recall_at_5": 0.78846,
    "cv_recall_at_10": 0.88462,
    "cv_recall_at_100": 1.0,
    "cv_recall_at_1000": 1.0
  },
  "changed": {
    "ndcg_at_1": 0.28846,
    "ndcg_at_3": 0.2472,
    "ndcg_at_5": 0.23221,
    "ndcg_at_10": 0.23501,
    "ndcg_at_100": 0.34094,
    "ndcg_at_1000": 0.50301,
    "map_at_1": 0.05344,
    "map_at_3": 0.08097,
    "map_at_5": 0.09544,
    "map_at_10": 0.11629,
    "map_at_100": 0.17377,
    "map_at_1000": 0.19764,
    "recall_at_1": 0.05344,
    "recall_at_3": 0.09113,
    "recall_at_5": 0.11972,
    "recall_at_10": 0.16728,
    "recall_at_100": 0.48623,
    "recall_at_1000": 1.0,
    "accuracy": 0.05344,
    "precision_at_1": 0.34615,
    "precision_at_3": 0.26923,
    "precision_at_5": 0.23846,
    "precision_at_10": 0.19615,
    "precision_at_100": 0.0775,
    "precision_at_1000": 0.01981,
    "mrr_at_1_max": 0.026416613527702842,
    "mrr_at_1_std": 0.1680382107393164,
    "mrr_at_1_diff1": 0.2978949007340408,
    "mrr_at_3_max": 0.05238177604884136,
    "mrr_at_3_std": 0.11373105037634217,
    "mrr_at_3_diff1": 0.33798180893184515,
    "mrr_at_5_max": -0.022131179740392297,
    "mrr_at_5_std": -0.06078740486497048,
    "mrr_at_5_diff1": 0.2581788181308751,
    "mrr_at_10_max": -0.07578945531477614,
    "mrr_at_10_std": -0.1116332822416298,
    "mrr_at_10_diff1": 0.22358608773158453,
    "mrr_at_100_max": -0.06146788393073787,
    "mrr_at_100_std": -0.05809225003095173,
    "mrr_at_100_diff1": 0.1494328572253246,
    "mrr_at_1000_max": -0.17880034094883676,
    "mrr_at_1000_std": -0.17760004880563549,
    "mrr_at_1000_diff1": 0.07060060125681523,
    "mrr_at_1": 0.34615384615384615,
    "mrr_at_3": 0.4166666666666667,
    "mrr_at_5": 0.44358974358974357,
    "mrr_at_10": 0.45579212454212453,
    "mrr_at_100": 0.4674281838769454,
    "mrr_at_1000": 0.4676046129524571,
    "nauc_mrr_at_1_max": 0.026416613527702842,
    "nauc_mrr_at_1_std": 0.1680382107393164,
    "nauc_mrr_at_1_diff1": 0.2978949007340408,
    "nauc_mrr_at_3_max": 0.011581707367313619,
    "nauc_mrr_at_3_std": 0.1512292331879407,
    "nauc_mrr_at_3_diff1": 0.3180867458983112,
    "nauc_mrr_at_5_max": -0.009244701240657557,
    "nauc_mrr_at_5_std": 0.11112353306889418,
    "nauc_mrr_at_5_diff1": 0.31561490888266547,
    "nauc_mrr_at_10_max": -0.010971651143599489,
    "nauc_mrr_at_10_std": 0.11214120864410063,
    "nauc_mrr_at_10_diff1": 0.31982761052608977,
    "nauc_mrr_at_100_max": -0.002239139027995051,
    "nauc_mrr_at_100_std": 0.12306652855142398,
    "nauc_mrr_at_100_diff1": 0.3160832875176404,
    "nauc_mrr_at_1000_max": -0.0019412543185056922,
    "nauc_mrr_at_1000_std": 0.12322514956733106,
    "nauc_mrr_at_1000_diff1": 0.31578327333128287,
    "cv_recall_at_1": 0.34615,
    "cv_recall_at_3": 0.5,
    "cv_recall_at_5": 0.61538,
    "cv_recall_at_10": 0.71154,
    "cv_recall_at_100": 0.98077,
    "cv_recall_at_1000": 1.0
  }
}