{
  "Core17InstructionRetrieval": {
    "task": "Core17InstructionRetrieval",
    "p-MRR": 0.0617759146906542,
    "original": {
      "ndcg_at_1": 0.45,
      "ndcg_at_3": 0.38829,
      "ndcg_at_5": 0.40015,
      "ndcg_at_10": 0.36551,
      "ndcg_at_100": 0.42739,
      "ndcg_at_1000": 0.65478,
      "map_at_1": 0.02018,
      "map_at_3": 0.03341,
      "map_at_5": 0.04895,
      "map_at_10": 0.07286,
      "map_at_100": 0.22417,
      "map_at_1000": 0.29215,
      "recall_at_1": 0.02018,
      "recall_at_3": 0.03652,
      "recall_at_5": 0.05877,
      "recall_at_10": 0.10665,
      "recall_at_100": 0.47611,
      "recall_at_1000": 1.0,
      "accuracy": 0.02018,
      "precision_at_1": 0.6,
      "precision_at_3": 0.46667,
      "precision_at_5": 0.48,
      "precision_at_10": 0.425,
      "precision_at_100": 0.23,
      "precision_at_1000": 0.0545,
      "mrr_at_1_max": -0.22885129118432787,
      "mrr_at_1_std": 0.3557435440783617,
      "mrr_at_1_diff1": 0.23367468091421761,
      "mrr_at_3_max": 0.05435266614716697,
      "mrr_at_3_std": 0.35650673494378265,
      "mrr_at_3_diff1": 0.3775464766781699,
      "mrr_at_5_max": -0.11085294691474117,
      "mrr_at_5_std": 0.1819052517692125,
      "mrr_at_5_diff1": 0.2663308561394794,
      "mrr_at_10_max": -0.032020902974653966,
      "mrr_at_10_std": 0.3465175813481149,
      "mrr_at_10_diff1": 0.13761477594888497,
      "mrr_at_100_max": 0.044860078347317076,
      "mrr_at_100_std": 0.31736780419532495,
      "mrr_at_100_diff1": -0.03576767891791613,
      "mrr_at_1000_max": 0.4315781271914105,
      "mrr_at_1000_std": 0.2832400928768448,
      "mrr_at_1000_diff1": -0.025739040999827486,
      "mrr_at_1": 0.6,
      "mrr_at_3": 0.6833333333333333,
      "mrr_at_5": 0.7158333333333333,
      "mrr_at_10": 0.7213888888888889,
      "mrr_at_100": 0.7213888888888889,
      "mrr_at_1000": 0.7213888888888889,
      "nauc_mrr_at_1_max": -0.22885129118432787,
      "nauc_mrr_at_1_std": 0.3557435440783617,
      "nauc_mrr_at_1_diff1": 0.23367468091421761,
      "nauc_mrr_at_3_max": -0.2377786989607081,
      "nauc_mrr_at_3_std": 0.28408788085156805,
      "nauc_mrr_at_3_diff1": 0.36314511592100246,
      "nauc_mrr_at_5_max": -0.3058223599707745,
      "nauc_mrr_at_5_std": 0.24267117277916667,
      "nauc_mrr_at_5_diff1": 0.30294821195632177,
      "nauc_mrr_at_10_max": -0.27082671168815753,
      "nauc_mrr_at_10_std": 0.2766970493379495,
      "nauc_mrr_at_10_diff1": 0.30734458642770696,
      "nauc_mrr_at_100_max": -0.27082671168815753,
      "nauc_mrr_at_100_std": 0.2766970493379495,
      "nauc_mrr_at_100_diff1": 0.30734458642770696,
      "nauc_mrr_at_1000_max": -0.27082671168815753,
      "nauc_mrr_at_1000_std": 0.2766970493379495,
      "nauc_mrr_at_1000_diff1": 0.30734458642770696,
      "cv_recall_at_1": 0.6,
      "cv_recall_at_3": 0.8,
      "cv_recall_at_5": 0.95,
      "cv_recall_at_10": 1.0,
      "cv_recall_at_100": 1.0,
      "cv_recall_at_1000": 1.0
    },
    "changed": {
      "ndcg_at_1": 0.275,
      "ndcg_at_3": 0.22472,
      "ndcg_at_5": 0.22888,
      "ndcg_at_10": 0.22696,
      "ndcg_at_100": 0.34971,
      "ndcg_at_1000": 0.53594,
      "map_at_1": 0.01329,
      "map_at_3": 0.02327,
      "map_at_5": 0.03601,
      "map_at_10": 0.05346,
      "map_at_100": 0.15837,
      "map_at_1000": 0.19577,
      "recall_at_1": 0.01329,
      "recall_at_3": 0.02708,
      "recall_at_5": 0.05519,
      "recall_at_10": 0.09856,
      "recall_at_100": 0.48552,
      "recall_at_1000": 1.0,
      "accuracy": 0.01329,
      "precision_at_1": 0.35,
      "precision_at_3": 0.28333,
      "precision_at_5": 0.3,
      "precision_at_10": 0.27,
      "precision_at_100": 0.143,
      "precision_at_1000": 0.0327,
      "mrr_at_1_max": -0.0017799459423825578,
      "mrr_at_1_std": 0.04667413804469636,
      "mrr_at_1_diff1": 0.3659437009690817,
      "mrr_at_3_max": 0.1277905654621593,
      "mrr_at_3_std": 0.08178263401647286,
      "mrr_at_3_diff1": 0.499653345905322,
      "mrr_at_5_max": 0.03008887461184257,
      "mrr_at_5_std": 0.09747653210550716,
      "mrr_at_5_diff1": 0.3697398008352069,
      "mrr_at_10_max": -0.05787615825856721,
      "mrr_at_10_std": 0.056907878609599886,
      "mrr_at_10_diff1": 0.14325636122959287,
      "mrr_at_100_max": 0.010266155906029457,
      "mrr_at_100_std": 0.11264199023884566,
      "mrr_at_100_diff1": 0.007089960098209609,
      "mrr_at_1000_max": 0.5012193090724278,
      "mrr_at_1000_std": 0.13159355794814348,
      "mrr_at_1000_diff1": -0.14311613545221288,
      "mrr_at_1": 0.35,
      "mrr_at_3": 0.41666666666666663,
      "mrr_at_5": 0.45916666666666667,
      "mrr_at_10": 0.4871428571428571,
      "mrr_at_100": 0.4922710622710622,
      "mrr_at_1000": 0.4922710622710622,
      "nauc_mrr_at_1_max": -0.0017799459423825578,
      "nauc_mrr_at_1_std": 0.04667413804469636,
      "nauc_mrr_at_1_diff1": 0.3659437009690817,
      "nauc_mrr_at_3_max": 0.05519823788546235,
      "nauc_mrr_at_3_std": 0.028138766519823805,
      "nauc_mrr_at_3_diff1": 0.4541189427312772,
      "nauc_mrr_at_5_max": -0.0036166617955458147,
      "nauc_mrr_at_5_std": 0.014373494270513706,
      "nauc_mrr_at_5_diff1": 0.414537443395051,
      "nauc_mrr_at_10_max": 0.03734959263586926,
      "nauc_mrr_at_10_std": 0.042529467047289674,
      "nauc_mrr_at_10_diff1": 0.3768676087502032,
      "nauc_mrr_at_100_max": 0.027428100535502792,
      "nauc_mrr_at_100_std": 0.027692810745097725,
      "nauc_mrr_at_100_diff1": 0.40347123182230915,
      "nauc_mrr_at_1000_max": 0.027428100535502792,
      "nauc_mrr_at_1000_std": 0.027692810745097725,
      "nauc_mrr_at_1000_diff1": 0.40347123182230915,
      "cv_recall_at_1": 0.35,
      "cv_recall_at_3": 0.5,
      "cv_recall_at_5": 0.7,
      "cv_recall_at_10": 0.9,
      "cv_recall_at_100": 1.0,
      "cv_recall_at_1000": 1.0
    }
  },
  "Robust04InstructionRetrieval": {
    "task": "Robust04InstructionRetrieval",
    "p-MRR": -0.0501862829214813,
    "original": {
      "ndcg_at_1": 0.33654,
      "ndcg_at_3": 0.34849,
      "ndcg_at_5": 0.32546,
      "ndcg_at_10": 0.30891,
      "ndcg_at_100": 0.37801,
      "ndcg_at_1000": 0.57768,
      "map_at_1": 0.03096,
      "map_at_3": 0.0632,
      "map_at_5": 0.07828,
      "map_at_10": 0.10766,
      "map_at_100": 0.19087,
      "map_at_1000": 0.23041,
      "recall_at_1": 0.03096,
      "recall_at_3": 0.07309,
      "recall_at_5": 0.10116,
      "recall_at_10": 0.15329,
      "recall_at_100": 0.47243,
      "recall_at_1000": 1.0,
      "accuracy": 0.03096,
      "precision_at_1": 0.46154,
      "precision_at_3": 0.44872,
      "precision_at_5": 0.38846,
      "precision_at_10": 0.31538,
      "precision_at_100": 0.12673,
      "precision_at_1000": 0.03369,
      "mrr_at_1_max": 0.12522618258029236,
      "mrr_at_1_std": 0.06791334432521556,
      "mrr_at_1_diff1": 0.3404802364432873,
      "mrr_at_3_max": -0.07552040826613599,
      "mrr_at_3_std": -0.10401038434488312,
      "mrr_at_3_diff1": 0.1458262877794682,
      "mrr_at_5_max": -0.16955224088680582,
      "mrr_at_5_std": -0.19318674831306368,
      "mrr_at_5_diff1": 0.06297071412605329,
      "mrr_at_10_max": -0.15502290050896717,
      "mrr_at_10_std": -0.187328176827072,
      "mrr_at_10_diff1": -0.0257037436825314,
      "mrr_at_100_max": -0.1158488713673236,
      "mrr_at_100_std": -0.1035433704700761,
      "mrr_at_100_diff1": -0.10802627336014463,
      "mrr_at_1000_max": -0.1494243150663758,
      "mrr_at_1000_std": -0.10715626364640189,
      "mrr_at_1000_diff1": -0.1603115244495193,
      "mrr_at_1": 0.46153846153846156,
      "mrr_at_3": 0.5897435897435896,
      "mrr_at_5": 0.6060897435897435,
      "mrr_at_10": 0.6139652014652014,
      "mrr_at_100": 0.6209594814349846,
      "mrr_at_1000": 0.6209594814349846,
      "nauc_mrr_at_1_max": 0.12522618258029236,
      "nauc_mrr_at_1_std": 0.06791334432521556,
      "nauc_mrr_at_1_diff1": 0.3404802364432873,
      "nauc_mrr_at_3_max": 0.04616629926517074,