{
  "task": "News21InstructionRetrieval",
  "p-MRR": -0.021781499109381004,
  "original": {
    "ndcg_at_1": 0.39062,
    "ndcg_at_3": 0.36781,
    "ndcg_at_5": 0.38523,
    "ndcg_at_10": 0.39427,
    "ndcg_at_100": 0.53808,
    "ndcg_at_1000": 0.64243,
    "map_at_1": 0.02375,
    "map_at_3": 0.06563,
    "map_at_5": 0.10319,
    "map_at_10": 0.16938,
    "map_at_100": 0.37934,
    "map_at_1000": 0.42723,
    "recall_at_1": 0.02375,
    "recall_at_3": 0.07541,
    "recall_at_5": 0.12452,
    "recall_at_10": 0.21783,
    "recall_at_100": 0.67109,
    "recall_at_1000": 1.0,
    "accuracy": 0.02375,
    "precision_at_1": 0.59375,
    "precision_at_3": 0.61458,
    "precision_at_5": 0.625,
    "precision_at_10": 0.5875,
    "precision_at_100": 0.2275,
    "precision_at_1000": 0.03725,
    "mrr_at_1_max": 0.11492056569414416,
    "mrr_at_1_std": -0.09593537906487717,
    "mrr_at_1_diff1": 0.2772242391949569,
    "mrr_at_3_max": 0.14493078881553814,
    "mrr_at_3_std": 0.023341421183873445,
    "mrr_at_3_diff1": 0.22355720824505948,
    "mrr_at_5_max": 0.1482983264198832,
    "mrr_at_5_std": 0.01798845037748789,
    "mrr_at_5_diff1": 0.3098007601503653,
    "mrr_at_10_max": 0.11251573531226952,
    "mrr_at_10_std": -0.09756470251977557,
    "mrr_at_10_diff1": 0.30935438782774016,
    "mrr_at_100_max": 0.14361337716715233,
    "mrr_at_100_std": 0.0021039594096270917,
    "mrr_at_100_diff1": 0.15090031437845258,
    "mrr_at_1000_max": 0.1774629062920588,
    "mrr_at_1000_std": 0.03387884312867044,
    "mrr_at_1000_diff1": 0.16765214662624517,
    "mrr_at_1": 0.59375,
    "mrr_at_3": 0.6979166666666666,
    "mrr_at_5": 0.7291666666666666,
    "mrr_at_10": 0.7291666666666666,
    "mrr_at_100": 0.7304166666666666,
    "mrr_at_1000": 0.7304166666666666,
    "nauc_mrr_at_1_max": 0.11492056569414416,
    "nauc_mrr_at_1_std": -0.09593537906487717,
    "nauc_mrr_at_1_diff1": 0.2772242391949569,
    "nauc_mrr_at_3_max": 0.1047447859840577,
    "nauc_mrr_at_3_std": -0.0002885273096774577,
    "nauc_mrr_at_3_diff1": 0.18916463305306552,
    "nauc_mrr_at_5_max": 0.055250411299805006,
    "nauc_mrr_at_5_std": -0.023693653366196835,
    "nauc_mrr_at_5_diff1": 0.20107600942164922,
    "nauc_mrr_at_10_max": 0.055250411299805006,
    "nauc_mrr_at_10_std": -0.023693653366196835,
    "nauc_mrr_at_10_diff1": 0.20107600942164922,
    "nauc_mrr_at_100_max": 0.06586741381745427,
    "nauc_mrr_at_100_std": -0.025867046919847734,
    "nauc_mrr_at_100_diff1": 0.20893703047245737,
    "nauc_mrr_at_1000_max": 0.06586741381745427,
    "nauc_mrr_at_1000_std": -0.025867046919847734,
    "nauc_mrr_at_1000_diff1": 0.20893703047245737,
    "cv_recall_at_1": 0.59375,
    "cv_recall_at_3": 0.84375,
    "cv_recall_at_5": 0.96875,
    "cv_recall_at_10": 0.96875,
    "cv_recall_at_100": 1.0,
    "cv_recall_at_1000": 1.0
  },
  "changed": {
    "ndcg_at_1": 0.125,
    "ndcg_at_3": 0.14796,
    "ndcg_at_5": 0.17727,
    "ndcg_at_10": 0.22837,
    "ndcg_at_100": 0.38581,
    "ndcg_at_1000": 0.45683,
    "map_at_1": 0.00764,
    "map_at_3": 0.04089,
    "map_at_5": 0.06369,
    "map_at_10": 0.10692,
    "map_at_100": 0.20742,
    "map_at_1000": 0.22803,
    "recall_at_1": 0.00764,
    "recall_at_3": 0.06242,
    "recall_at_5": 0.11453,
    "recall_at_10": 0.23149,
    "recall_at_100": 0.69817,
    "recall_at_1000": 1.0,
    "accuracy": 0.00764,
    "precision_at_1": 0.125,
    "precision_at_3": 0.22917,
    "precision_at_5": 0.26875,
    "precision_at_10": 0.28125,
    "precision_at_100": 0.10125,
    "precision_at_1000": 0.01634,
    "mrr_at_1_max": 0.015131998606901688,
    "mrr_at_1_std": -0.1781743815839652,
    "mrr_at_1_diff1": 0.0002679524426361468,
    "mrr_at_3_max": -0.03332088122547686,
    "mrr_at_3_std": -0.21188612852414082,
    "mrr_at_3_diff1": 0.08043457774246497,
    "mrr_at_5_max": 0.20461461305275547,
    "mrr_at_5_std": -0.03725380067507648,
    "mrr_at_5_diff1": 0.3689025410141047,
    "mrr_at_10_max": 0.2323466309998766,
    "mrr_at_10_std": -0.1408632553752906,
    "mrr_at_10_diff1": 0.2430266592721277,
    "mrr_at_100_max": 0.022914335155262585,
    "mrr_at_100_std": -0.09316634528892542,
    "mrr_at_100_diff1": -0.0808903550485033,
    "mrr_at_1000_max": 0.04617389144666796,
    "mrr_at_1000_std": 0.00694849472056389,
    "mrr_at_1000_diff1": -0.07515558246653099,
    "mrr_at_1": 0.125,
    "mrr_at_3": 0.2552083333333333,
    "mrr_at_5": 0.3177083333333333,
    "mrr_at_10": 0.3416666666666666,
    "mrr_at_100": 0.3442166752682417,
    "mrr_at_1000": 0.3442166752682417,
    "nauc_mrr_at_1_max": 0.015131998606901688,
    "nauc_mrr_at_1_std": -0.1781743815839652,
    "nauc_mrr_at_1_diff1": 0.0002679524426361468,
    "nauc_mrr_at_3_max": -0.0468692095486148,
    "nauc_mrr_at_3_std": -0.179860620375467,
    "nauc_mrr_at_3_diff1": 0.07696528390030326,
    "nauc_mrr_at_5_max": 0.010010030884952892,
    "nauc_mrr_at_5_std": -0.13733573450236505,
    "nauc_mrr_at_5_diff1": 0.13986905336100647,
    "nauc_mrr_at_10_max": -0.03952398254160099,
    "nauc_mrr_at_10_std": -0.1828005589733232,
    "nauc_mrr_at_10_diff1": 0.07664681330917555,
    "nauc_mrr_at_100_max": -0.0358723021224113,
    "nauc_mrr_at_100_std": -0.17804346937619872,
    "nauc_mrr_at_100_diff1": 0.07935750576612845,
    "nauc_mrr_at_1000_max": -0.0358723021224113,
    "nauc_mrr_at_1000_std": -0.17804346937619872,
    "nauc_mrr_at_1000_diff1": 0.07935750576612845,
    "cv_recall_at_1": 0.125,
    "cv_recall_at_3": 0.4375,
    "cv_recall_at_5": 0.71875,
    "cv_recall_at_10": 0.90625,
    "cv_recall_at_100": 1.0,
    "cv_recall_at_1000": 1.0
  }
}