{
  "task": "Core17InstructionRetrieval",
  "p-MRR": 0.05771417339642276,
  "original": {
    "ndcg_at_1": 0.5,
    "ndcg_at_3": 0.40282,
    "ndcg_at_5": 0.39902,
    "ndcg_at_10": 0.35733,
    "ndcg_at_100": 0.4294,
    "ndcg_at_1000": 0.65685,
    "map_at_1": 0.02129,
    "map_at_3": 0.03362,
    "map_at_5": 0.04876,
    "map_at_10": 0.07213,
    "map_at_100": 0.22456,
    "map_at_1000": 0.29246,
    "recall_at_1": 0.02129,
    "recall_at_3": 0.03548,
    "recall_at_5": 0.05669,
    "recall_at_10": 0.10207,
    "recall_at_100": 0.47976,
    "recall_at_1000": 1.0,
    "accuracy": 0.02129,
    "precision_at_1": 0.65,
    "precision_at_3": 0.46667,
    "precision_at_5": 0.46,
    "precision_at_10": 0.4,
    "precision_at_100": 0.2305,
    "precision_at_1000": 0.0545,
    "mrr_at_1_max": -0.4252583611359757,
    "mrr_at_1_std": 0.21580275042721114,
    "mrr_at_1_diff1": 0.16567662136870343,
    "mrr_at_3_max": 0.02279305354558617,
    "mrr_at_3_std": 0.37821440498719794,
    "mrr_at_3_diff1": 0.3970277190248252,
    "mrr_at_5_max": 0.030795492153071778,
    "mrr_at_5_std": 0.3175175489017788,
    "mrr_at_5_diff1": 0.3543397606730419,
    "mrr_at_10_max": 0.05427436566279339,
    "mrr_at_10_std": 0.4555667536163153,
    "mrr_at_10_diff1": 0.2704726899059364,
    "mrr_at_100_max": 0.05510908150698128,
    "mrr_at_100_std": 0.3716815264665984,
    "mrr_at_100_diff1": 0.06381261913029578,
    "mrr_at_1000_max": 0.4315781271914105,
    "mrr_at_1000_std": 0.34214520577831076,
    "mrr_at_1000_diff1": 0.10002025837216161,
    "mrr_at_1": 0.65,
    "mrr_at_3": 0.7083333333333333,
    "mrr_at_5": 0.7458333333333333,
    "mrr_at_10": 0.7513888888888889,
    "mrr_at_100": 0.7513888888888889,
    "mrr_at_1000": 0.7513888888888889,
    "nauc_mrr_at_1_max": -0.4252583611359757,
    "nauc_mrr_at_1_std": 0.21580275042721114,
    "nauc_mrr_at_1_diff1": 0.16567662136870343,
    "nauc_mrr_at_3_max": -0.3868875517699456,
    "nauc_mrr_at_3_std": 0.2238493396889898,
    "nauc_mrr_at_3_diff1": 0.31771508947409616,
    "nauc_mrr_at_5_max": -0.46401261189432075,
    "nauc_mrr_at_5_std": 0.13842278838835928,
    "nauc_mrr_at_5_diff1": 0.28568839923168965,
    "nauc_mrr_at_10_max": -0.4301189280355175,
    "nauc_mrr_at_10_std": 0.17269367660007248,
    "nauc_mrr_at_10_diff1": 0.2785569899673849,
    "nauc_mrr_at_100_max": -0.4301189280355175,
    "nauc_mrr_at_100_std": 0.17269367660007248,
    "nauc_mrr_at_100_diff1": 0.2785569899673849,
    "nauc_mrr_at_1000_max": -0.4301189280355175,
    "nauc_mrr_at_1000_std": 0.17269367660007248,
    "nauc_mrr_at_1000_diff1": 0.2785569899673849,
    "cv_recall_at_1": 0.65,
    "cv_recall_at_3": 0.8,
    "cv_recall_at_5": 0.95,
    "cv_recall_at_10": 1.0,
    "cv_recall_at_100": 1.0,
    "cv_recall_at_1000": 1.0
  },
  "changed": {
    "ndcg_at_1": 0.275,
    "ndcg_at_3": 0.20866,
    "ndcg_at_5": 0.21421,
    "ndcg_at_10": 0.22754,
    "ndcg_at_100": 0.3465,
    "ndcg_at_1000": 0.53542,
    "map_at_1": 0.01329,
    "map_at_3": 0.02163,
    "map_at_5": 0.03368,
    "map_at_10": 0.05345,
    "map_at_100": 0.1568,
    "map_at_1000": 0.1951,
    "recall_at_1": 0.01329,
    "recall_at_3": 0.02385,
    "recall_at_5": 0.05105,
    "recall_at_10": 0.09203,
    "recall_at_100": 0.48482,
    "recall_at_1000": 1.0,
    "accuracy": 0.01329,
    "precision_at_1": 0.35,
    "precision_at_3": 0.25,
    "precision_at_5": 0.27,
    "precision_at_10": 0.285,
    "precision_at_100": 0.1405,
    "precision_at_1000": 0.0327,
    "mrr_at_1_max": -0.0017799459423825578,
    "mrr_at_1_std": 0.04667413804469636,
    "mrr_at_1_diff1": 0.3145230404113653,
    "mrr_at_3_max": 0.14090844368503475,
    "mrr_at_3_std": 0.030869998576106922,
    "mrr_at_3_diff1": 0.5184963690730457,
    "mrr_at_5_max": 0.10078252813750414,
    "mrr_at_5_std": 0.13202452052904418,
    "mrr_at_5_diff1": 0.4754499044014746,
    "mrr_at_10_max": -0.06045203600613158,
    "mrr_at_10_std": -0.05130066964028446,
    "mrr_at_10_diff1": 0.29607090580085976,
    "mrr_at_100_max": 0.022314052356582285,
    "mrr_at_100_std": 0.07667145926127024,
    "mrr_at_100_diff1": 0.07706022917316016,
    "mrr_at_1000_max": 0.5012193090724278,
    "mrr_at_1000_std": 0.15580890800302305,
    "mrr_at_1000_diff1": -0.10206108076481277,
    "mrr_at_1": 0.35,
    "mrr_at_3": 0.4,
    "mrr_at_5": 0.4574999999999999,
    "mrr_at_10": 0.48388888888888887,
    "mrr_at_100": 0.48944444444444446,
    "mrr_at_1000": 0.48944444444444446,
    "nauc_mrr_at_1_max": -0.0017799459423825578,
    "nauc_mrr_at_1_std": 0.04667413804469636,
    "nauc_mrr_at_1_diff1": 0.3145230404113653,
    "nauc_mrr_at_3_max": 0.028447539583470037,
    "nauc_mrr_at_3_std": -0.05364299323303346,
    "nauc_mrr_at_3_diff1": 0.4341370475001642,
    "nauc_mrr_at_5_max": -0.008354928848460683,
    "nauc_mrr_at_5_std": 0.01862635037542961,
    "nauc_mrr_at_5_diff1": 0.336239547595816,
    "nauc_mrr_at_10_max": 0.01889645200972935,
    "nauc_mrr_at_10_std": 0.026523575394871022,
    "nauc_mrr_at_10_diff1": 0.3259413156984681,
    "nauc_mrr_at_100_max": 0.007829947661826878,
    "nauc_mrr_at_100_std": 0.010184121267785923,
    "nauc_mrr_at_100_diff1": 0.3538004399098241,
    "nauc_mrr_at_1000_max": 0.007829947661826878,
    "nauc_mrr_at_1000_std": 0.010184121267785923,
    "nauc_mrr_at_1000_diff1": 0.3538004399098241,
    "cv_recall_at_1": 0.35,
    "cv_recall_at_3": 0.45,
    "cv_recall_at_5": 0.7,
    "cv_recall_at_10": 0.9,
    "cv_recall_at_100": 1.0,
    "cv_recall_at_1000": 1.0
  }
}