{
  "task": "Robust04InstructionRetrieval",
  "p-MRR": -0.00518852374080256,
  "original": {
    "ndcg_at_1": 0.34615,
    "ndcg_at_3": 0.33448,
    "ndcg_at_5": 0.31911,
    "ndcg_at_10": 0.29228,
    "ndcg_at_100": 0.37786,
    "ndcg_at_1000": 0.57566,
    "map_at_1": 0.02532,
    "map_at_3": 0.05681,
    "map_at_5": 0.07443,
    "map_at_10": 0.10376,
    "map_at_100": 0.1911,
    "map_at_1000": 0.23133,
    "recall_at_1": 0.02532,
    "recall_at_3": 0.06566,
    "recall_at_5": 0.09425,
    "recall_at_10": 0.14679,
    "recall_at_100": 0.47854,
    "recall_at_1000": 1.0,
    "accuracy": 0.02532,
    "precision_at_1": 0.44231,
    "precision_at_3": 0.42949,
    "precision_at_5": 0.38462,
    "precision_at_10": 0.29231,
    "precision_at_100": 0.12942,
    "precision_at_1000": 0.03369,
    "mrr_at_1_max": 0.23584331979076567,
    "mrr_at_1_std": 0.08740031688183277,
    "mrr_at_1_diff1": 0.020404727152885885,
    "mrr_at_3_max": 0.08936828585406967,
    "mrr_at_3_std": 0.005054131720764824,
    "mrr_at_3_diff1": -0.1289150780538198,
    "mrr_at_5_max": 0.19111336843401175,
    "mrr_at_5_std": -0.02037380876739443,
    "mrr_at_5_diff1": -0.14424609171351532,
    "mrr_at_10_max": 0.14866131017123635,
    "mrr_at_10_std": -0.11837102870583126,
    "mrr_at_10_diff1": -0.12300216552905478,
    "mrr_at_100_max": 0.199364751195901,
    "mrr_at_100_std": -0.09300942811938376,
    "mrr_at_100_diff1": -0.046346713121262824,
    "mrr_at_1000_max": 0.08350077099058478,
    "mrr_at_1000_std": -0.052672993703378586,
    "mrr_at_1000_diff1": 0.10211800219314765,
    "mrr_at_1": 0.4423076923076923,
    "mrr_at_3": 0.5416666666666666,
    "mrr_at_5": 0.5676282051282051,
    "mrr_at_10": 0.5727564102564102,
    "mrr_at_100": 0.5773654010898117,
    "mrr_at_1000": 0.5774871148191203,
    "nauc_mrr_at_1_max": 0.23584331979076567,
    "nauc_mrr_at_1_std": 0.08740031688183277,
    "nauc_mrr_at_1_diff1": 0.020404727152885885,
    "nauc_mrr_at_3_max": 0.1959223488137963,
    "nauc_mrr_at_3_std": 0.12364894700836895,
    "nauc_mrr_at_3_diff1": -0.03879559784986838,
    "nauc_mrr_at_5_max": 0.17780979123556068,
    "nauc_mrr_at_5_std": 0.09917033868998464,
    "nauc_mrr_at_5_diff1": -0.03767370093508281,
    "nauc_mrr_at_10_max": 0.16473790352788076,
    "nauc_mrr_at_10_std": 0.09056410579974021,
    "nauc_mrr_at_10_diff1": -0.04560726246102605,
    "nauc_mrr_at_100_max": 0.16956399389930232,
    "nauc_mrr_at_100_std": 0.08857026428526324,
    "nauc_mrr_at_100_diff1": -0.04020630363360821,
    "nauc_mrr_at_1000_max": 0.16986131691107073,
    "nauc_mrr_at_1000_std": 0.08883421643974017,
    "nauc_mrr_at_1000_diff1": -0.040152945928689586,
    "cv_recall_at_1": 0.44231,
    "cv_recall_at_3": 0.69231,
    "cv_recall_at_5": 0.80769,
    "cv_recall_at_10": 0.84615,
    "cv_recall_at_100": 0.98077,
    "cv_recall_at_1000": 1.0
  },
  "changed": {
    "ndcg_at_1": 0.23077,
    "ndcg_at_3": 0.22952,
    "ndcg_at_5": 0.21999,
    "ndcg_at_10": 0.22726,
    "ndcg_at_100": 0.33565,
    "ndcg_at_1000": 0.49349,
    "map_at_1": 0.03315,
    "map_at_3": 0.06137,
    "map_at_5": 0.07545,
    "map_at_10": 0.10404,
    "map_at_100": 0.16413,
    "map_at_1000": 0.18769,
    "recall_at_1": 0.03315,
    "recall_at_3": 0.07577,
    "recall_at_5": 0.10154,
    "recall_at_10": 0.18399,
    "recall_at_100": 0.49356,
    "recall_at_1000": 1.0,
    "accuracy": 0.03315,
    "precision_at_1": 0.30769,
    "precision_at_3": 0.29487,
    "precision_at_5": 0.25,
    "precision_at_10": 0.19615,
    "precision_at_100": 0.08096,
    "precision_at_1000": 0.01981,
    "mrr_at_1_max": 0.35228793700050415,
    "mrr_at_1_std": 0.2710114334400795,
    "mrr_at_1_diff1": 0.20285323953873952,
    "mrr_at_3_max": 0.1921313903773645,
    "mrr_at_3_std": 0.2531183585799994,
    "mrr_at_3_diff1": -0.037405291434817876,
    "mrr_at_5_max": 0.21722182174027155,
    "mrr_at_5_std": 0.1900609749829134,
    "mrr_at_5_diff1": -0.13138652857593766,
    "mrr_at_10_max": 0.17266161931703777,
    "mrr_at_10_std": 0.03939949380756299,
    "mrr_at_10_diff1": -0.06730073767429141,
    "mrr_at_100_max": 0.16827181170301872,
    "mrr_at_100_std": -0.08192433840840974,
    "mrr_at_100_diff1": 0.014877829070491032,
    "mrr_at_1000_max": 0.1284067067389175,
    "mrr_at_1000_std": -0.07175660157062035,
    "mrr_at_1000_diff1": 0.00713973691223331,
    "mrr_at_1": 0.3076923076923077,
    "mrr_at_3": 0.41346153846153844,
    "mrr_at_5": 0.4269230769230769,
    "mrr_at_10": 0.44358974358974357,
    "mrr_at_100": 0.45376422012889955,
    "mrr_at_1000": 0.4540893151252949,
    "nauc_mrr_at_1_max": 0.35228793700050415,
    "nauc_mrr_at_1_std": 0.2710114334400795,
    "nauc_mrr_at_1_diff1": 0.20285323953873952,
    "nauc_mrr_at_3_max": 0.264793352790288,
    "nauc_mrr_at_3_std": 0.2771298456672897,
    "nauc_mrr_at_3_diff1": 0.0801455975811698,
    "nauc_mrr_at_5_max": 0.268299270302624,
    "nauc_mrr_at_5_std": 0.2729288030545091,
    "nauc_mrr_at_5_diff1": 0.06799683251416529,
    "nauc_mrr_at_10_max": 0.24320825218614908,
    "nauc_mrr_at_10_std": 0.2423056996497388,
    "nauc_mrr_at_10_diff1": 0.0864949333194962,
    "nauc_mrr_at_100_max": 0.24178007158703876,
    "nauc_mrr_at_100_std": 0.23767783930015107,
    "nauc_mrr_at_100_diff1": 0.08853055434635562,
    "nauc_mrr_at_1000_max": 0.2422099609542781,
    "nauc_mrr_at_1000_std": 0.2382125892380264,
    "nauc_mrr_at_1000_diff1": 0.08801994505210309,
    "cv_recall_at_1": 0.30769,
    "cv_recall_at_3": 0.55769,
    "cv_recall_at_5": 0.61538,
    "cv_recall_at_10": 0.73077,
    "cv_recall_at_100": 0.94231,
    "cv_recall_at_1000": 1.0
  }
}