{
  "task": "News21InstructionRetrieval",
  "p-MRR": 0.020986964564128283,
  "original": {
    "ndcg_at_1": 0.25391,
    "ndcg_at_3": 0.22497,
    "ndcg_at_5": 0.23767,
    "ndcg_at_10": 0.23165,
    "ndcg_at_100": 0.35329,
    "ndcg_at_1000": 0.52297,
    "map_at_1": 0.01445,
    "map_at_3": 0.02857,
    "map_at_5": 0.0432,
    "map_at_10": 0.06497,
    "map_at_100": 0.1529,
    "map_at_1000": 0.20125,
    "recall_at_1": 0.01445,
    "recall_at_3": 0.03733,
    "recall_at_5": 0.0633,
    "recall_at_10": 0.10934,
    "recall_at_100": 0.42874,
    "recall_at_1000": 1.0,
    "accuracy": 0.01445,
    "precision_at_1": 0.34375,
    "precision_at_3": 0.3125,
    "precision_at_5": 0.3375,
    "precision_at_10": 0.29375,
    "precision_at_100": 0.13469,
    "precision_at_1000": 0.03725,
    "mrr_at_1_max": 0.08099703742798202,
    "mrr_at_1_std": 0.0631397247566601,
    "mrr_at_1_diff1": -0.1947829916604217,
    "mrr_at_3_max": 0.2280079142164305,
    "mrr_at_3_std": -0.1380023289623295,
    "mrr_at_3_diff1": 0.06477643172634755,
    "mrr_at_5_max": 0.08522216389101693,
    "mrr_at_5_std": 0.0829715449987145,
    "mrr_at_5_diff1": -0.1695163290947527,
    "mrr_at_10_max": 0.07970667671737494,
    "mrr_at_10_std": 0.04530513829309405,
    "mrr_at_10_diff1": -0.08749167137160513,
    "mrr_at_100_max": -0.2959344647751312,
    "mrr_at_100_std": 0.18246762931923985,
    "mrr_at_100_diff1": -0.0949640753290364,
    "mrr_at_1000_max": -0.4162248198599924,
    "mrr_at_1000_std": 0.24777271547679153,
    "mrr_at_1000_diff1": 0.1581246959331099,
    "mrr_at_1": 0.34375,
    "mrr_at_3": 0.49479166666666663,
    "mrr_at_5": 0.5166666666666666,
    "mrr_at_10": 0.5375868055555555,
    "mrr_at_100": 0.5438368055555556,
    "mrr_at_1000": 0.5438368055555556,
    "nauc_mrr_at_1_max": 0.08099703742798202,
    "nauc_mrr_at_1_std": 0.0631397247566601,
    "nauc_mrr_at_1_diff1": -0.1947829916604217,
    "nauc_mrr_at_3_max": 0.20277932699453155,
    "nauc_mrr_at_3_std": -0.1339542756593561,
    "nauc_mrr_at_3_diff1": -0.09173284618657729,
    "nauc_mrr_at_5_max": 0.1689860581930646,
    "nauc_mrr_at_5_std": -0.11516347129893723,
    "nauc_mrr_at_5_diff1": -0.09723982204922206,
    "nauc_mrr_at_10_max": 0.13910496720103044,
    "nauc_mrr_at_10_std": -0.08645757646706848,
    "nauc_mrr_at_10_diff1": -0.09107636891075374,
    "nauc_mrr_at_100_max": 0.15207490676924879,
    "nauc_mrr_at_100_std": -0.09010095130768153,
    "nauc_mrr_at_100_diff1": -0.09950918413818227,
    "nauc_mrr_at_1000_max": 0.15207490676924879,
    "nauc_mrr_at_1000_std": -0.09010095130768153,
    "nauc_mrr_at_1000_diff1": -0.09950918413818227,
    "cv_recall_at_1": 0.34375,
    "cv_recall_at_3": 0.65625,
    "cv_recall_at_5": 0.75,
    "cv_recall_at_10": 0.90625,
    "cv_recall_at_100": 1.0,
    "cv_recall_at_1000": 1.0
  },
  "changed": {
    "ndcg_at_1": 0.11328,
    "ndcg_at_3": 0.11378,
    "ndcg_at_5": 0.12204,
    "ndcg_at_10": 0.13538,
    "ndcg_at_100": 0.27069,
    "ndcg_at_1000": 0.38841,
    "map_at_1": 0.01953,
    "map_at_3": 0.03069,
    "map_at_5": 0.03571,
    "map_at_10": 0.04344,
    "map_at_100": 0.09551,
    "map_at_1000": 0.1177,
    "recall_at_1": 0.01953,
    "recall_at_3": 0.03904,
    "recall_at_5": 0.05488,
    "recall_at_10": 0.0836,
    "recall_at_100": 0.45589,
    "recall_at_1000": 1.0,
    "accuracy": 0.01953,
    "precision_at_1": 0.1875,
    "precision_at_3": 0.15625,
    "precision_at_5": 0.14375,
    "precision_at_10": 0.11563,
    "precision_at_100": 0.06156,
    "precision_at_1000": 0.01634,
    "mrr_at_1_max": 0.15341529927022732,
    "mrr_at_1_std": -0.15457360992202343,
    "mrr_at_1_diff1": 0.008947419627521498,
    "mrr_at_3_max": 0.07472229248533534,
    "mrr_at_3_std": -0.3184319331294793,
    "mrr_at_3_diff1": 0.10416287159392557,
    "mrr_at_5_max": -0.12939815946406003,
    "mrr_at_5_std": -0.037138371875652956,
    "mrr_at_5_diff1": 0.06695951339852381,
    "mrr_at_10_max": -0.1972209309754815,
    "mrr_at_10_std": -0.0310464070209749,
    "mrr_at_10_diff1": 0.10877096224589668,
    "mrr_at_100_max": -0.4127313753422475,
    "mrr_at_100_std": -0.006786283191843612,
    "mrr_at_100_diff1": 0.08111754569128267,
    "mrr_at_1000_max": -0.45419269271197527,
    "mrr_at_1000_std": 0.1310567353742981,
    "mrr_at_1000_diff1": 0.3463062207071575,
    "mrr_at_1": 0.1875,
    "mrr_at_3": 0.2864583333333333,
    "mrr_at_5": 0.3052083333333333,
    "mrr_at_10": 0.32439236111111114,
    "mrr_at_100": 0.3389358564089169,
    "mrr_at_1000": 0.3391656358206816,
    "nauc_mrr_at_1_max": 0.15341529927022732,
    "nauc_mrr_at_1_std": -0.15457360992202343,
    "nauc_mrr_at_1_diff1": 0.008947419627521498,
    "nauc_mrr_at_3_max": 0.10384285730319505,
    "nauc_mrr_at_3_std": -0.23704666699273705,
    "nauc_mrr_at_3_diff1": 0.15663793487675026,
    "nauc_mrr_at_5_max": 0.07386305642324965,
    "nauc_mrr_at_5_std": -0.18912141514537922,
    "nauc_mrr_at_5_diff1": 0.1272598073791238,
    "nauc_mrr_at_10_max": 0.04810456962865092,
    "nauc_mrr_at_10_std": -0.17876939195587277,
    "nauc_mrr_at_10_diff1": 0.14544322252876876,
    "nauc_mrr_at_100_max": 0.04701389362215732,
    "nauc_mrr_at_100_std": -0.19537200627823906,
    "nauc_mrr_at_100_diff1": 0.1392999693962826,
    "nauc_mrr_at_1000_max": 0.047956259580053055,
    "nauc_mrr_at_1000_std": -0.19561630771606642,
    "nauc_mrr_at_1000_diff1": 0.13897936047620083,
    "cv_recall_at_1": 0.1875,
    "cv_recall_at_3": 0.40625,
    "cv_recall_at_5": 0.5,
    "cv_recall_at_10": 0.65625,
    "cv_recall_at_100": 0.96875,
    "cv_recall_at_1000": 1.0
  }
}