{
  "task": "Robust04InstructionRetrieval",
  "p-MRR": 0.013859883098666276,
  "original": {
    "ndcg_at_1": 0.31731,
    "ndcg_at_3": 0.26343,
    "ndcg_at_5": 0.22969,
    "ndcg_at_10": 0.21823,
    "ndcg_at_100": 0.28837,
    "ndcg_at_1000": 0.51823,
    "map_at_1": 0.01684,
    "map_at_3": 0.03438,
    "map_at_5": 0.04044,
    "map_at_10": 0.05554,
    "map_at_100": 0.11301,
    "map_at_1000": 0.15558,
    "recall_at_1": 0.01684,
    "recall_at_3": 0.04068,
    "recall_at_5": 0.05424,
    "recall_at_10": 0.09194,
    "recall_at_100": 0.37324,
    "recall_at_1000": 1.0,
    "accuracy": 0.01684,
    "precision_at_1": 0.36538,
    "precision_at_3": 0.30128,
    "precision_at_5": 0.24615,
    "precision_at_10": 0.22115,
    "precision_at_100": 0.1,
    "precision_at_1000": 0.03369,
    "mrr_at_1_max": -0.046604168549051625,
    "mrr_at_1_std": -0.13762571288241932,
    "mrr_at_1_diff1": 0.04160481514932003,
    "mrr_at_3_max": -0.09615077188895857,
    "mrr_at_3_std": -0.015961820103438818,
    "mrr_at_3_diff1": -0.030633970510877784,
    "mrr_at_5_max": -0.08803088084228265,
    "mrr_at_5_std": 0.06623272277950436,
    "mrr_at_5_diff1": -0.09640835417282757,
    "mrr_at_10_max": -0.07674021907838642,
    "mrr_at_10_std": 0.09111791197889454,
    "mrr_at_10_diff1": -0.12278350734264837,
    "mrr_at_100_max": -0.08143301191629769,
    "mrr_at_100_std": 0.1265172220079479,
    "mrr_at_100_diff1": -0.26899934642617823,
    "mrr_at_1000_max": -0.04334457664150999,
    "mrr_at_1000_std": 0.1645619158758106,
    "mrr_at_1000_diff1": -0.2804836578195023,
    "mrr_at_1": 0.36538461538461536,
    "mrr_at_3": 0.4391025641025641,
    "mrr_at_5": 0.45544871794871794,
    "mrr_at_10": 0.4746718559218559,
    "mrr_at_100": 0.48532330469365204,
    "mrr_at_1000": 0.48532330469365204,
    "nauc_mrr_at_1_max": -0.046604168549051625,
    "nauc_mrr_at_1_std": -0.13762571288241932,
    "nauc_mrr_at_1_diff1": 0.04160481514932003,
    "nauc_mrr_at_3_max": -0.05221849486281922,
    "nauc_mrr_at_3_std": -0.0708006730658952,
    "nauc_mrr_at_3_diff1": -0.04124374588639917,
    "nauc_mrr_at_5_max": -0.055971619117084,
    "nauc_mrr_at_5_std": -0.08574720337676159,
    "nauc_mrr_at_5_diff1": -0.0373475291853539,
    "nauc_mrr_at_10_max": -0.0389924916336605,
    "nauc_mrr_at_10_std": -0.07819542993771357,
    "nauc_mrr_at_10_diff1": -0.027775727620707572,
    "nauc_mrr_at_100_max": -0.050017158794394834,
    "nauc_mrr_at_100_std": -0.09176357716662056,
    "nauc_mrr_at_100_diff1": -0.03399792155097065,
    "nauc_mrr_at_1000_max": -0.050017158794394834,
    "nauc_mrr_at_1000_std": -0.09176357716662056,
    "nauc_mrr_at_1000_diff1": -0.03399792155097065,
    "cv_recall_at_1": 0.36538,
    "cv_recall_at_3": 0.53846,
    "cv_recall_at_5": 0.61538,
    "cv_recall_at_10": 0.76923,
    "cv_recall_at_100": 1.0,
    "cv_recall_at_1000": 1.0
  },
  "changed": {
    "ndcg_at_1": 0.15385,
    "ndcg_at_3": 0.13705,
    "ndcg_at_5": 0.12932,
    "ndcg_at_10": 0.13643,
    "ndcg_at_100": 0.22829,
    "ndcg_at_1000": 0.41916,
    "map_at_1": 0.01267,
    "map_at_3": 0.02384,
    "map_at_5": 0.02906,
    "map_at_10": 0.04168,
    "map_at_100": 0.08114,
    "map_at_1000": 0.10676,
    "recall_at_1": 0.01267,
    "recall_at_3": 0.03398,
    "recall_at_5": 0.04883,
    "recall_at_10": 0.0896,
    "recall_at_100": 0.37632,
    "recall_at_1000": 1.0,
    "accuracy": 0.01267,
    "precision_at_1": 0.17308,
    "precision_at_3": 0.16026,
    "precision_at_5": 0.13846,
    "precision_at_10": 0.13077,
    "precision_at_100": 0.05962,
    "precision_at_1000": 0.01981,
    "mrr_at_1_max": 0.08041242127946883,
    "mrr_at_1_std": -0.0032863416984776884,
    "mrr_at_1_diff1": -0.03892931350377613,
    "mrr_at_3_max": 0.3038694223015234,
    "mrr_at_3_std": 0.027378099508710722,
    "mrr_at_3_diff1": -0.2425803750409538,
    "mrr_at_5_max": 0.45717653628348365,
    "mrr_at_5_std": 0.08245985435072282,
    "mrr_at_5_diff1": -0.20482095718967552,
    "mrr_at_10_max": 0.3383463738533408,
    "mrr_at_10_std": 0.07827406278201607,
    "mrr_at_10_diff1": -0.13073816766060437,
    "mrr_at_100_max": 0.12796733740166424,
    "mrr_at_100_std": 0.18960196202750793,
    "mrr_at_100_diff1": -0.15179916844705765,
    "mrr_at_1000_max": -0.09959975004946804,
    "mrr_at_1000_std": 0.2102548419020303,
    "mrr_at_1000_diff1": -0.23709320915835397,
    "mrr_at_1": 0.17307692307692307,
    "mrr_at_3": 0.27884615384615385,
    "mrr_at_5": 0.2961538461538462,
    "mrr_at_10": 0.31049297924297925,
    "mrr_at_100": 0.3218631193282374,
    "mrr_at_1000": 0.32204895198391587,
    "nauc_mrr_at_1_max": 0.08041242127946883,
    "nauc_mrr_at_1_std": -0.0032863416984776884,
    "nauc_mrr_at_1_diff1": -0.03892931350377613,
    "nauc_mrr_at_3_max": 0.09934388150385057,
    "nauc_mrr_at_3_std": 0.01132778358601454,
    "nauc_mrr_at_3_diff1": -0.1191552238011754,
    "nauc_mrr_at_5_max": 0.15026037022230637,
    "nauc_mrr_at_5_std": 0.00847078364925614,
    "nauc_mrr_at_5_diff1": -0.13003109433232152,
    "nauc_mrr_at_10_max": 0.1399494409539184,
    "nauc_mrr_at_10_std": -0.007956697384428597,
    "nauc_mrr_at_10_diff1": -0.13046984159653077,
    "nauc_mrr_at_100_max": 0.140565182595927,
    "nauc_mrr_at_100_std": -0.007279376481755503,
    "nauc_mrr_at_100_diff1": -0.12649589340497225,
    "nauc_mrr_at_1000_max": 0.1407640157792183,
    "nauc_mrr_at_1000_std": -0.00747471790826303,
    "nauc_mrr_at_1000_diff1": -0.12604052104418104,
    "cv_recall_at_1": 0.17308,
    "cv_recall_at_3": 0.42308,
    "cv_recall_at_5": 0.5,
    "cv_recall_at_10": 0.61538,
    "cv_recall_at_100": 0.96154,
    "cv_recall_at_1000": 1.0
  }
}