{
  "task": "Core17InstructionRetrieval",
  "p-MRR": 0.01071003802291376,
  "original": {
    "ndcg_at_1": 0.225,
    "ndcg_at_3": 0.1926,
    "ndcg_at_5": 0.2048,
    "ndcg_at_10": 0.22841,
    "ndcg_at_100": 0.27592,
    "ndcg_at_1000": 0.56757,
    "map_at_1": 0.00928,
    "map_at_3": 0.02336,
    "map_at_5": 0.0319,
    "map_at_10": 0.05588,
    "map_at_100": 0.1198,
    "map_at_1000": 0.18904,
    "recall_at_1": 0.00928,
    "recall_at_3": 0.02459,
    "recall_at_5": 0.03865,
    "recall_at_10": 0.07722,
    "recall_at_100": 0.2909,
    "recall_at_1000": 1.0,
    "accuracy": 0.00928,
    "precision_at_1": 0.35,
    "precision_at_3": 0.26667,
    "precision_at_5": 0.28,
    "precision_at_10": 0.3,
    "precision_at_100": 0.1525,
    "precision_at_1000": 0.0545,
    "mrr_at_1_max": 0.6289801568989386,
    "mrr_at_1_std": -0.33258619553035806,
    "mrr_at_1_diff1": 0.12835387962291514,
    "mrr_at_3_max": 0.5276778154106687,
    "mrr_at_3_std": -0.35877963590177814,
    "mrr_at_3_diff1": 0.11015558848433549,
    "mrr_at_5_max": 0.45451689628865066,
    "mrr_at_5_std": -0.31133599605080114,
    "mrr_at_5_diff1": -0.13025624915855147,
    "mrr_at_10_max": 0.5223352033660594,
    "mrr_at_10_std": -0.17898550724637685,
    "mrr_at_10_diff1": -0.23558906030855556,
    "mrr_at_100_max": 0.41645391860353165,
    "mrr_at_100_std": 0.09942997905164631,
    "mrr_at_100_diff1": 0.10993735413339804,
    "mrr_at_1000_max": -0.05482227174268737,
    "mrr_at_1000_std": -0.03219990338314812,
    "mrr_at_1000_diff1": 0.430136666095277,
    "mrr_at_1": 0.35,
    "mrr_at_3": 0.375,
    "mrr_at_5": 0.45999999999999996,
    "mrr_at_10": 0.4683333333333334,
    "mrr_at_100": 0.47584586466165407,
    "mrr_at_1000": 0.47612676353805855,
    "nauc_mrr_at_1_max": 0.6289801568989386,
    "nauc_mrr_at_1_std": -0.33258619553035806,
    "nauc_mrr_at_1_diff1": 0.12835387962291514,
    "nauc_mrr_at_3_max": 0.5828041035661944,
    "nauc_mrr_at_3_std": -0.3672691744015635,
    "nauc_mrr_at_3_diff1": 0.20716495684741892,
    "nauc_mrr_at_5_max": 0.5589575588822072,
    "nauc_mrr_at_5_std": -0.2941526846841672,
    "nauc_mrr_at_5_diff1": 0.10214502030915859,
    "nauc_mrr_at_10_max": 0.5995581314296996,
    "nauc_mrr_at_10_std": -0.3029029765807221,
    "nauc_mrr_at_10_diff1": 0.11877929237660952,
    "nauc_mrr_at_100_max": 0.5964279487790736,
    "nauc_mrr_at_100_std": -0.3103216279597154,
    "nauc_mrr_at_100_diff1": 0.1299286546669778,
    "nauc_mrr_at_1000_max": 0.596314741099623,
    "nauc_mrr_at_1000_std": -0.3100937889911557,
    "nauc_mrr_at_1000_diff1": 0.1297233345464713,
    "cv_recall_at_1": 0.35,
    "cv_recall_at_3": 0.4,
    "cv_recall_at_5": 0.75,
    "cv_recall_at_10": 0.8,
    "cv_recall_at_100": 0.95,
    "cv_recall_at_1000": 1.0
  },
  "changed": {
    "ndcg_at_1": 0.075,
    "ndcg_at_3": 0.06098,
    "ndcg_at_5": 0.07981,
    "ndcg_at_10": 0.10884,
    "ndcg_at_100": 0.20972,
    "ndcg_at_1000": 0.45102,
    "map_at_1": 0.00321,
    "map_at_3": 0.00861,
    "map_at_5": 0.01387,
    "map_at_10": 0.02762,
    "map_at_100": 0.06518,
    "map_at_1000": 0.1057,
    "recall_at_1": 0.00321,
    "recall_at_3": 0.01736,
    "recall_at_5": 0.02944,
    "recall_at_10": 0.06331,
    "recall_at_100": 0.31782,
    "recall_at_1000": 1.0,
    "accuracy": 0.00321,
    "precision_at_1": 0.15,
    "precision_at_3": 0.11667,
    "precision_at_5": 0.12,
    "precision_at_10": 0.145,
    "precision_at_100": 0.088,
    "precision_at_1000": 0.0327,
    "mrr_at_1_max": -0.06078016328999103,
    "mrr_at_1_std": -0.4315089204717268,
    "mrr_at_1_diff1": 0.06975103316197952,
    "mrr_at_3_max": 0.3073560364833504,
    "mrr_at_3_std": -0.29494306222677963,
    "mrr_at_3_diff1": -0.1776674402288305,
    "mrr_at_5_max": 0.19721025175776824,
    "mrr_at_5_std": -0.19290088455432058,
    "mrr_at_5_diff1": -0.20333408936266714,
    "mrr_at_10_max": 0.3138793088043457,
    "mrr_at_10_std": 0.012580189775021637,
    "mrr_at_10_diff1": -0.1857722342345564,
    "mrr_at_100_max": 0.352076881250148,
    "mrr_at_100_std": 0.3091030520816095,
    "mrr_at_100_diff1": -0.19125747653608802,
    "mrr_at_1000_max": -0.2082968537128072,
    "mrr_at_1000_std": -0.20042579724876108,
    "mrr_at_1000_diff1": 0.013751927191659382,
    "mrr_at_1": 0.15,
    "mrr_at_3": 0.20833333333333334,
    "mrr_at_5": 0.24583333333333335,
    "mrr_at_10": 0.26944444444444443,
    "mrr_at_100": 0.2868031580992107,
    "mrr_at_1000": 0.2868031580992107,
    "nauc_mrr_at_1_max": -0.06078016328999103,
    "nauc_mrr_at_1_std": -0.4315089204717268,
    "nauc_mrr_at_1_diff1": 0.06975103316197952,
    "nauc_mrr_at_3_max": 0.18439133161452173,
    "nauc_mrr_at_3_std": -0.3059438366664345,
    "nauc_mrr_at_3_diff1": 0.02334332102292523,
    "nauc_mrr_at_5_max": 0.1270743774280136,
    "nauc_mrr_at_5_std": -0.2323509725854418,
    "nauc_mrr_at_5_diff1": 0.06279886560449364,
    "nauc_mrr_at_10_max": 0.1348888752077817,
    "nauc_mrr_at_10_std": -0.22273736852324572,
    "nauc_mrr_at_10_diff1": 0.01949360434554055,
    "nauc_mrr_at_100_max": 0.11886991788418376,
    "nauc_mrr_at_100_std": -0.2308520626450697,
    "nauc_mrr_at_100_diff1": 0.023426926772098733,
    "nauc_mrr_at_1000_max": 0.11886991788418376,
    "nauc_mrr_at_1000_std": -0.2308520626450697,
    "nauc_mrr_at_1000_diff1": 0.023426926772098733,
    "cv_recall_at_1": 0.15,
    "cv_recall_at_3": 0.3,
    "cv_recall_at_5": 0.45,
    "cv_recall_at_10": 0.65,
    "cv_recall_at_100": 1.0,
    "cv_recall_at_1000": 1.0
  }
}