{
  "task": "News21InstructionRetrieval",
  "p-MRR": -0.020456072503295883,
  "original": {
    "ndcg_at_1": 0.38281,
    "ndcg_at_3": 0.34922,
    "ndcg_at_5": 0.36554,
    "ndcg_at_10": 0.38609,
    "ndcg_at_100": 0.52408,
    "ndcg_at_1000": 0.63244,
    "map_at_1": 0.02417,
    "map_at_3": 0.06279,
    "map_at_5": 0.09972,
    "map_at_10": 0.16777,
    "map_at_100": 0.36383,
    "map_at_1000": 0.41281,
    "recall_at_1": 0.02417,
    "recall_at_3": 0.07044,
    "recall_at_5": 0.11824,
    "recall_at_10": 0.21653,
    "recall_at_100": 0.65534,
    "recall_at_1000": 1.0,
    "accuracy": 0.02417,
    "precision_at_1": 0.625,
    "precision_at_3": 0.60417,
    "precision_at_5": 0.60625,
    "precision_at_10": 0.58125,
    "precision_at_100": 0.22031,
    "precision_at_1000": 0.03725,
    "mrr_at_1_max": 0.017597951862689507,
    "mrr_at_1_std": -0.24875109376876953,
    "mrr_at_1_diff1": 0.2512869094256514,
    "mrr_at_3_max": 0.17500787774902601,
    "mrr_at_3_std": -0.11188975908766215,
    "mrr_at_3_diff1": 0.2670844441970273,
    "mrr_at_5_max": 0.06570245096388531,
    "mrr_at_5_std": -0.06649353859629521,
    "mrr_at_5_diff1": 0.19382244026787424,
    "mrr_at_10_max": 0.08257269086640112,
    "mrr_at_10_std": -0.19994998231551295,
    "mrr_at_10_diff1": 0.25303706959648603,
    "mrr_at_100_max": 0.15511150355179246,
    "mrr_at_100_std": -0.017300624245429615,
    "mrr_at_100_diff1": 0.17200329457199237,
    "mrr_at_1000_max": 0.1774629062920588,
    "mrr_at_1000_std": 0.018698645649623775,
    "mrr_at_1000_diff1": 0.13045015001297713,
    "mrr_at_1": 0.625,
    "mrr_at_3": 0.7187499999999999,
    "mrr_at_5": 0.7484374999999999,
    "mrr_at_10": 0.7484374999999999,
    "mrr_at_100": 0.7503906249999999,
    "mrr_at_1000": 0.7503906249999999,
    "nauc_mrr_at_1_max": 0.017597951862689507,
    "nauc_mrr_at_1_std": -0.24875109376876953,
    "nauc_mrr_at_1_diff1": 0.2512869094256514,
    "nauc_mrr_at_3_max": -0.0036444737195621833,
    "nauc_mrr_at_3_std": -0.1836631952523003,
    "nauc_mrr_at_3_diff1": 0.13139923972753376,
    "nauc_mrr_at_5_max": -0.03965930484852525,
    "nauc_mrr_at_5_std": -0.1464748042122506,
    "nauc_mrr_at_5_diff1": 0.13436036173220384,
    "nauc_mrr_at_10_max": -0.03965930484852525,
    "nauc_mrr_at_10_std": -0.1464748042122506,
    "nauc_mrr_at_10_diff1": 0.13436036173220384,
    "nauc_mrr_at_100_max": -0.02303777820794206,
    "nauc_mrr_at_100_std": -0.15309080629792599,
    "nauc_mrr_at_100_diff1": 0.14670082671917015,
    "nauc_mrr_at_1000_max": -0.02303777820794206,
    "nauc_mrr_at_1000_std": -0.15309080629792599,
    "nauc_mrr_at_1000_diff1": 0.14670082671917015,
    "cv_recall_at_1": 0.625,
    "cv_recall_at_3": 0.84375,
    "cv_recall_at_5": 0.96875,
    "cv_recall_at_10": 0.96875,
    "cv_recall_at_100": 1.0,
    "cv_recall_at_1000": 1.0
  },
  "changed": {
    "ndcg_at_1": 0.13281,
    "ndcg_at_3": 0.13595,
    "ndcg_at_5": 0.16285,
    "ndcg_at_10": 0.20755,
    "ndcg_at_100": 0.37361,
    "ndcg_at_1000": 0.44909,
    "map_at_1": 0.00868,
    "map_at_3": 0.03615,
    "map_at_5": 0.05883,
    "map_at_10": 0.09662,
    "map_at_100": 0.19935,
    "map_at_1000": 0.22049,
    "recall_at_1": 0.00868,
    "recall_at_3": 0.0537,
    "recall_at_5": 0.10354,
    "recall_at_10": 0.20173,
    "recall_at_100": 0.68711,
    "recall_at_1000": 1.0,
    "accuracy": 0.00868,
    "precision_at_1": 0.15625,
    "precision_at_3": 0.21875,
    "precision_at_5": 0.25,
    "precision_at_10": 0.25313,
    "precision_at_100": 0.09906,
    "precision_at_1000": 0.01634,
    "mrr_at_1_max": -0.11626130432797686,
    "mrr_at_1_std": -0.2752254584676917,
    "mrr_at_1_diff1": -0.11626130432797686,
    "mrr_at_3_max": -0.08676372652015406,
    "mrr_at_3_std": -0.3203450952684765,
    "mrr_at_3_diff1": 0.132501512536146,
    "mrr_at_5_max": 0.16734591836620605,
    "mrr_at_5_std": -0.18939815398471121,
    "mrr_at_5_diff1": 0.2995654239597798,
    "mrr_at_10_max": 0.2192699800115412,
    "mrr_at_10_std": -0.09079695808217286,
    "mrr_at_10_diff1": 0.2734660327739751,
    "mrr_at_100_max": 0.03286450725736125,
    "mrr_at_100_std": -0.07993191110386459,
    "mrr_at_100_diff1": -0.08110304953478509,
    "mrr_at_1000_max": 0.04617389144666796,
    "mrr_at_1000_std": 0.034572008052811964,
    "mrr_at_1000_diff1": -0.15283848475056877,
    "mrr_at_1": 0.15625,
    "mrr_at_3": 0.296875,
    "mrr_at_5": 0.35000000000000003,
    "mrr_at_10": 0.3705233134920635,
    "mrr_at_100": 0.37835180960180964,
    "mrr_at_1000": 0.37835180960180964,
    "nauc_mrr_at_1_max": -0.11626130432797686,
    "nauc_mrr_at_1_std": -0.2752254584676917,
    "nauc_mrr_at_1_diff1": -0.11626130432797686,
    "nauc_mrr_at_3_max": -0.12629413329390377,
    "nauc_mrr_at_3_std": -0.31781625436797184,
    "nauc_mrr_at_3_diff1": 0.024390236712310692,
    "nauc_mrr_at_5_max": -0.10754107354673599,
    "nauc_mrr_at_5_std": -0.31370487296838484,
    "nauc_mrr_at_5_diff1": 0.039689046885782814,
    "nauc_mrr_at_10_max": -0.11851677899942681,
    "nauc_mrr_at_10_std": -0.2800523380863038,
    "nauc_mrr_at_10_diff1": 0.03415053816636893,
    "nauc_mrr_at_100_max": -0.12748499897599308,
    "nauc_mrr_at_100_std": -0.3005510532701722,
    "nauc_mrr_at_100_diff1": 0.014986937040118642,
    "nauc_mrr_at_1000_max": -0.12748499897599308,
    "nauc_mrr_at_1000_std": -0.3005510532701722,
    "nauc_mrr_at_1000_diff1": 0.014986937040118642,
    "cv_recall_at_1": 0.15625,
    "cv_recall_at_3": 0.46875,
    "cv_recall_at_5": 0.6875,
    "cv_recall_at_10": 0.84375,
    "cv_recall_at_100": 1.0,
    "cv_recall_at_1000": 1.0
  }
}