{
  "task": "Core17InstructionRetrieval",
  "p-MRR": 0.052876491921966876,
  "original": {
    "ndcg_at_1": 0.35,
    "ndcg_at_3": 0.35559,
    "ndcg_at_5": 0.36021,
    "ndcg_at_10": 0.31347,
    "ndcg_at_100": 0.37298,
    "ndcg_at_1000": 0.62284,
    "map_at_1": 0.0115,
    "map_at_3": 0.0282,
    "map_at_5": 0.0435,
    "map_at_10": 0.06557,
    "map_at_100": 0.18182,
    "map_at_1000": 0.2495,
    "recall_at_1": 0.0115,
    "recall_at_3": 0.03445,
    "recall_at_5": 0.0597,
    "recall_at_10": 0.10154,
    "recall_at_100": 0.42685,
    "recall_at_1000": 1.0,
    "accuracy": 0.0115,
    "precision_at_1": 0.45,
    "precision_at_3": 0.43333,
    "precision_at_5": 0.46,
    "precision_at_10": 0.375,
    "precision_at_100": 0.2075,
    "precision_at_1000": 0.0545,
    "mrr_at_1_max": -0.07837360047142033,
    "mrr_at_1_std": 0.04629084004452294,
    "mrr_at_1_diff1": 0.500229162574478,
    "mrr_at_3_max": -0.03815847476305947,
    "mrr_at_3_std": 0.33904562486224366,
    "mrr_at_3_diff1": 0.5222614062155607,
    "mrr_at_5_max": 0.07489457304384672,
    "mrr_at_5_std": 0.4084857190210487,
    "mrr_at_5_diff1": 0.5449975139495056,
    "mrr_at_10_max": 0.036667332835459907,
    "mrr_at_10_std": 0.4196232289552017,
    "mrr_at_10_diff1": 0.39202280400963496,
    "mrr_at_100_max": 0.13547756319800006,
    "mrr_at_100_std": 0.35391384106761237,
    "mrr_at_100_diff1": 0.12511087368463475,
    "mrr_at_1000_max": 0.4315781271914105,
    "mrr_at_1000_std": 0.28669024948964544,
    "mrr_at_1000_diff1": -0.12266132676754256,
    "mrr_at_1": 0.45,
    "mrr_at_3": 0.5666666666666667,
    "mrr_at_5": 0.6266666666666667,
    "mrr_at_10": 0.635,
    "mrr_at_100": 0.635,
    "mrr_at_1000": 0.635,
    "nauc_mrr_at_1_max": -0.07837360047142033,
    "nauc_mrr_at_1_std": 0.04629084004452294,
    "nauc_mrr_at_1_diff1": 0.500229162574478,
    "nauc_mrr_at_3_max": -0.20695537404123918,
    "nauc_mrr_at_3_std": 0.1741333798187072,
    "nauc_mrr_at_3_diff1": 0.4364727562506226,
    "nauc_mrr_at_5_max": -0.22266443110082887,
    "nauc_mrr_at_5_std": 0.08279838731178144,
    "nauc_mrr_at_5_diff1": 0.4065772440331426,
    "nauc_mrr_at_10_max": -0.17294860537901183,
    "nauc_mrr_at_10_std": 0.12324888408905213,
    "nauc_mrr_at_10_diff1": 0.4383625555660937,
    "nauc_mrr_at_100_max": -0.17294860537901183,
    "nauc_mrr_at_100_std": 0.12324888408905213,
    "nauc_mrr_at_100_diff1": 0.4383625555660937,
    "nauc_mrr_at_1000_max": -0.17294860537901183,
    "nauc_mrr_at_1000_std": 0.12324888408905213,
    "nauc_mrr_at_1000_diff1": 0.4383625555660937,
    "cv_recall_at_1": 0.45,
    "cv_recall_at_3": 0.7,
    "cv_recall_at_5": 0.95,
    "cv_recall_at_10": 1.0,
    "cv_recall_at_100": 1.0,
    "cv_recall_at_1000": 1.0
  },
  "changed": {
    "ndcg_at_1": 0.275,
    "ndcg_at_3": 0.20712,
    "ndcg_at_5": 0.22295,
    "ndcg_at_10": 0.19973,
    "ndcg_at_100": 0.30806,
    "ndcg_at_1000": 0.51612,
    "map_at_1": 0.01329,
    "map_at_3": 0.02113,
    "map_at_5": 0.03528,
    "map_at_10": 0.05039,
    "map_at_100": 0.13254,
    "map_at_1000": 0.17111,
    "recall_at_1": 0.01329,
    "recall_at_3": 0.02284,
    "recall_at_5": 0.05476,
    "recall_at_10": 0.0886,
    "recall_at_100": 0.4254,
    "recall_at_1000": 1.0,
    "accuracy": 0.01329,
    "precision_at_1": 0.35,
    "precision_at_3": 0.23333,
    "precision_at_5": 0.3,
    "precision_at_10": 0.235,
    "precision_at_100": 0.1275,
    "precision_at_1000": 0.0327,
    "mrr_at_1_max": -0.0017799459423825578,
    "mrr_at_1_std": 0.1313204561935526,
    "mrr_at_1_diff1": 0.3936317489616981,
    "mrr_at_3_max": 0.14797331675052303,
    "mrr_at_3_std": 0.3025609135621007,
    "mrr_at_3_diff1": 0.42303126236644273,
    "mrr_at_5_max": 0.1346082779009605,
    "mrr_at_5_std": 0.17764227642276403,
    "mrr_at_5_diff1": 0.2428122690317811,
    "mrr_at_10_max": -0.03020281924701157,
    "mrr_at_10_std": 0.07250341997264029,
    "mrr_at_10_diff1": 0.1867245583774459,
    "mrr_at_100_max": 0.006363571605444924,
    "mrr_at_100_std": 0.08475490412241406,
    "mrr_at_100_diff1": 0.1211860123540124,
    "mrr_at_1000_max": 0.5012193090724278,
    "mrr_at_1000_std": 0.19457909279988345,
    "mrr_at_1000_diff1": -0.24364400445870005,
    "mrr_at_1": 0.35,
    "mrr_at_3": 0.375,
    "mrr_at_5": 0.4575,
    "mrr_at_10": 0.46375,
    "mrr_at_100": 0.47578744172494164,
    "mrr_at_1000": 0.47578744172494164,
    "nauc_mrr_at_1_max": -0.0017799459423825578,
    "nauc_mrr_at_1_std": 0.1313204561935526,
    "nauc_mrr_at_1_diff1": 0.3936317489616981,
    "nauc_mrr_at_3_max": 0.037550887477609526,
    "nauc_mrr_at_3_std": 0.2511317375020355,
    "nauc_mrr_at_3_diff1": 0.4692721055202735,
    "nauc_mrr_at_5_max": 0.021991646390047116,
    "nauc_mrr_at_5_std": 0.23992511049417783,
    "nauc_mrr_at_5_diff1": 0.40035158050443215,
    "nauc_mrr_at_10_max": 0.011548431858817484,
    "nauc_mrr_at_10_std": 0.23253560087170275,
    "nauc_mrr_at_10_diff1": 0.3919492484914575,
    "nauc_mrr_at_100_max": 0.02921832571839929,
    "nauc_mrr_at_100_std": 0.2403633488053604,
    "nauc_mrr_at_100_diff1": 0.40074190516412794,
    "nauc_mrr_at_1000_max": 0.02921832571839929,
    "nauc_mrr_at_1000_std": 0.2403633488053604,
    "nauc_mrr_at_1000_diff1": 0.40074190516412794,
    "cv_recall_at_1": 0.35,
    "cv_recall_at_3": 0.4,
    "cv_recall_at_5": 0.75,
    "cv_recall_at_10": 0.8,
    "cv_recall_at_100": 1.0,
    "cv_recall_at_1000": 1.0
  }
}