{
  "task": "News21InstructionRetrieval",
  "p-MRR": -0.014665793260997099,
  "original": {
    "ndcg_at_1": 0.37891,
    "ndcg_at_3": 0.34965,
    "ndcg_at_5": 0.34886,
    "ndcg_at_10": 0.37133,
    "ndcg_at_100": 0.51533,
    "ndcg_at_1000": 0.62651,
    "map_at_1": 0.026,
    "map_at_3": 0.06935,
    "map_at_5": 0.10074,
    "map_at_10": 0.1638,
    "map_at_100": 0.35952,
    "map_at_1000": 0.40872,
    "recall_at_1": 0.026,
    "recall_at_3": 0.07538,
    "recall_at_5": 0.11603,
    "recall_at_10": 0.20432,
    "recall_at_100": 0.65272,
    "recall_at_1000": 1.0,
    "accuracy": 0.026,
    "precision_at_1": 0.65625,
    "precision_at_3": 0.625,
    "precision_at_5": 0.6,
    "precision_at_10": 0.55,
    "precision_at_100": 0.2175,
    "precision_at_1000": 0.03725,
    "mrr_at_1_max": 0.21903730647192027,
    "mrr_at_1_std": 0.044528985868245885,
    "mrr_at_1_diff1": 0.10311540755234407,
    "mrr_at_3_max": 0.22746153852444892,
    "mrr_at_3_std": 0.14173147353784807,
    "mrr_at_3_diff1": 0.2106462998443725,
    "mrr_at_5_max": 0.12104325460914317,
    "mrr_at_5_std": -0.022142559008064867,
    "mrr_at_5_diff1": 0.12316549536685122,
    "mrr_at_10_max": 0.12209536862627858,
    "mrr_at_10_std": -0.1212145897050936,
    "mrr_at_10_diff1": 0.19442251520513026,
    "mrr_at_100_max": 0.1846113932563145,
    "mrr_at_100_std": -0.005892467670456633,
    "mrr_at_100_diff1": 0.21697470203275987,
    "mrr_at_1000_max": 0.1774629062920588,
    "mrr_at_1000_std": 0.02081470539192147,
    "mrr_at_1000_diff1": 0.14320353536774588,
    "mrr_at_1": 0.65625,
    "mrr_at_3": 0.734375,
    "mrr_at_5": 0.771875,
    "mrr_at_10": 0.771875,
    "mrr_at_100": 0.7734375,
    "mrr_at_1000": 0.7734375,
    "nauc_mrr_at_1_max": 0.21903730647192027,
    "nauc_mrr_at_1_std": 0.044528985868245885,
    "nauc_mrr_at_1_diff1": 0.10311540755234407,
    "nauc_mrr_at_3_max": 0.1530512468662409,
    "nauc_mrr_at_3_std": 0.055301408404470086,
    "nauc_mrr_at_3_diff1": 0.017415432750950813,
    "nauc_mrr_at_5_max": 0.10194748152943772,
    "nauc_mrr_at_5_std": 0.07676260231558998,
    "nauc_mrr_at_5_diff1": -0.00868930758692302,
    "nauc_mrr_at_10_max": 0.10194748152943772,
    "nauc_mrr_at_10_std": 0.07676260231558998,
    "nauc_mrr_at_10_diff1": -0.00868930758692302,
    "nauc_mrr_at_100_max": 0.11732206221752879,
    "nauc_mrr_at_100_std": 0.07290296051845874,
    "nauc_mrr_at_100_diff1": 0.0007193025200048508,
    "nauc_mrr_at_1000_max": 0.11732206221752879,
    "nauc_mrr_at_1000_std": 0.07290296051845874,
    "nauc_mrr_at_1000_diff1": 0.0007193025200048508,
    "cv_recall_at_1": 0.65625,
    "cv_recall_at_3": 0.8125,
    "cv_recall_at_5": 0.96875,
    "cv_recall_at_10": 0.96875,
    "cv_recall_at_100": 1.0,
    "cv_recall_at_1000": 1.0
  },
  "changed": {
    "ndcg_at_1": 0.14453,
    "ndcg_at_3": 0.13567,
    "ndcg_at_5": 0.15855,
    "ndcg_at_10": 0.21865,
    "ndcg_at_100": 0.36981,
    "ndcg_at_1000": 0.44573,
    "map_at_1": 0.01207,
    "map_at_3": 0.03743,
    "map_at_5": 0.06028,
    "map_at_10": 0.10138,
    "map_at_100": 0.19858,
    "map_at_1000": 0.21894,
    "recall_at_1": 0.01207,
    "recall_at_3": 0.05382,
    "recall_at_5": 0.09879,
    "recall_at_10": 0.21999,
    "recall_at_100": 0.68841,
    "recall_at_1000": 1.0,
    "accuracy": 0.01207,
    "precision_at_1": 0.1875,
    "precision_at_3": 0.21875,
    "precision_at_5": 0.2375,
    "precision_at_10": 0.25938,
    "precision_at_100": 0.09875,
    "precision_at_1000": 0.01634,
    "mrr_at_1_max": -0.13233031756250638,
    "mrr_at_1_std": -0.2597793568884701,
    "mrr_at_1_diff1": -0.23907776283626236,
    "mrr_at_3_max": 0.04324880611202004,
    "mrr_at_3_std": -0.26134912467803345,
    "mrr_at_3_diff1": 0.16021285751313655,
    "mrr_at_5_max": 0.16451550110630495,
    "mrr_at_5_std": -0.15124314551971038,
    "mrr_at_5_diff1": 0.3111482341691425,
    "mrr_at_10_max": 0.26098856887318855,
    "mrr_at_10_std": -0.08800430946826468,
    "mrr_at_10_diff1": 0.3322697155915857,
    "mrr_at_100_max": 0.05590263009728817,
    "mrr_at_100_std": -0.09030898585888941,
    "mrr_at_100_diff1": -0.023340387038492866,
    "mrr_at_1000_max": 0.04617389144666796,
    "mrr_at_1000_std": 0.034572008052811964,
    "mrr_at_1000_diff1": -0.09368072978903993,
    "mrr_at_1": 0.1875,
    "mrr_at_3": 0.3072916666666667,
    "mrr_at_5": 0.3432291666666667,
    "mrr_at_10": 0.3781001984126984,
    "mrr_at_100": 0.3830444728882229,
    "mrr_at_1000": 0.3830444728882229,
    "nauc_mrr_at_1_max": -0.13233031756250638,
    "nauc_mrr_at_1_std": -0.2597793568884701,
    "nauc_mrr_at_1_diff1": -0.23907776283626236,
    "nauc_mrr_at_3_max": 0.017073714863547838,
    "nauc_mrr_at_3_std": -0.23236164438806073,
    "nauc_mrr_at_3_diff1": 0.023716075987723895,
    "nauc_mrr_at_5_max": -0.024019779444076794,
    "nauc_mrr_at_5_std": -0.22641681989125562,
    "nauc_mrr_at_5_diff1": 0.03063948148033378,
    "nauc_mrr_at_10_max": -0.035934076820662825,
    "nauc_mrr_at_10_std": -0.21673805039433516,
    "nauc_mrr_at_10_diff1": 0.002689047289101769,
    "nauc_mrr_at_100_max": -0.03677145234817681,
    "nauc_mrr_at_100_std": -0.22588659764412217,
    "nauc_mrr_at_100_diff1": -0.007568993112554816,
    "nauc_mrr_at_1000_max": -0.03677145234817681,
    "nauc_mrr_at_1000_std": -0.22588659764412217,
    "nauc_mrr_at_1000_diff1": -0.007568993112554816,
    "cv_recall_at_1": 0.1875,
    "cv_recall_at_3": 0.46875,
    "cv_recall_at_5": 0.625,
    "cv_recall_at_10": 0.875,
    "cv_recall_at_100": 1.0,
    "cv_recall_at_1000": 1.0
  }
}