{
  "Core17InstructionRetrieval": {
    "task": "Core17InstructionRetrieval",
    "p-MRR": 0.03316692284198937,
    "original": {
      "ndcg_at_1": 0.45,
      "ndcg_at_3": 0.44416,
      "ndcg_at_5": 0.41565,
      "ndcg_at_10": 0.39624,
      "ndcg_at_100": 0.46424,
      "map_at_1": 0.02046,
      "map_at_3": 0.04069,
      "map_at_5": 0.05568,
      "map_at_10": 0.0861
    },
    "changed": {
      "ndcg_at_1": 0.275,
      "ndcg_at_3": 0.24771,
      "ndcg_at_5": 0.21905,
      "ndcg_at_10": 0.23693,
      "ndcg_at_100": 0.37613,
      "map_at_1": 0.01298,
      "map_at_3": 0.02502,
      "map_at_5": 0.03204,
      "map_at_10": 0.05507
    }
  },
  "News21InstructionRetrieval": {
    "task": "News21InstructionRetrieval",
    "p-MRR": -0.000633924125690273,
    "original": {
      "ndcg_at_1": 0.36328,
      "ndcg_at_3": 0.36708,
      "ndcg_at_5": 0.38011,
      "ndcg_at_10": 0.37093,
      "ndcg_at_100": 0.52008,
      "map_at_1": 0.02357,
      "map_at_3": 0.06615,
      "map_at_5": 0.10005,
      "map_at_10": 0.15514
    },
    "changed": {
      "ndcg_at_1": 0.16406,
      "ndcg_at_3": 0.19178,
      "ndcg_at_5": 0.22166,
      "ndcg_at_10": 0.24302,
      "ndcg_at_100": 0.39718,
      "map_at_1": 0.0261,
      "map_at_3": 0.04641,
      "map_at_5": 0.08145,
      "map_at_10": 0.11736
    }
  },
  "Robust04InstructionRetrieval": {
    "task": "Robust04InstructionRetrieval",
    "p-MRR": -0.00518852374080256,
    "original": {
      "ndcg_at_1": 0.34615,
      "ndcg_at_3": 0.33448,
      "ndcg_at_5": 0.31911,
      "ndcg_at_10": 0.29228,
      "ndcg_at_100": 0.37786,
      "map_at_1": 0.02532,
      "map_at_3": 0.05681,
      "map_at_5": 0.07443,
      "map_at_10": 0.10376
    },
    "changed": {
      "ndcg_at_1": 0.23077,
      "ndcg_at_3": 0.22952,
      "ndcg_at_5": 0.21999,
      "ndcg_at_10": 0.22726,
      "ndcg_at_100": 0.33565,
      "map_at_1": 0.03315,
      "map_at_3": 0.06137,
      "map_at_5": 0.07545,
      "map_at_10": 0.10404
    }
  }
}