{
  "task": "News21InstructionRetrieval",
  "p-MRR": -0.000633924125690273,
  "original": {
    "ndcg_at_1": 0.36328,
    "ndcg_at_3": 0.36708,
    "ndcg_at_5": 0.38011,
    "ndcg_at_10": 0.37093,
    "ndcg_at_100": 0.52008,
    "ndcg_at_1000": 0.6297,
    "map_at_1": 0.02357,
    "map_at_3": 0.06615,
    "map_at_5": 0.10005,
    "map_at_10": 0.15514,
    "map_at_100": 0.34815,
    "map_at_1000": 0.39663,
    "recall_at_1": 0.02357,
    "recall_at_3": 0.07447,
    "recall_at_5": 0.11859,
    "recall_at_10": 0.19884,
    "recall_at_100": 0.65263,
    "recall_at_1000": 1.0,
    "accuracy": 0.02357,
    "precision_at_1": 0.5625,
    "precision_at_3": 0.63542,
    "precision_at_5": 0.61875,
    "precision_at_10": 0.54688,
    "precision_at_100": 0.21875,
    "precision_at_1000": 0.03725,
    "mrr_at_1_max": 0.28493649333287424,
    "mrr_at_1_std": -0.20621927654164385,
    "mrr_at_1_diff1": 0.33132116997131794,
    "mrr_at_3_max": 0.2903944471355952,
    "mrr_at_3_std": -0.23294467182903691,
    "mrr_at_3_diff1": 0.29298716674011016,
    "mrr_at_5_max": 0.18479879337253252,
    "mrr_at_5_std": -0.3207801710045239,
    "mrr_at_5_diff1": 0.2431211507690748,
    "mrr_at_10_max": 0.06510900831409215,
    "mrr_at_10_std": -0.32991935577345033,
    "mrr_at_10_diff1": -0.027763053590323286,
    "mrr_at_100_max": 0.030298069087874524,
    "mrr_at_100_std": -0.06826706483136054,
    "mrr_at_100_diff1": -0.005778989057506158,
    "mrr_at_1000_max": -0.0750479378032771,
    "mrr_at_1000_std": -0.0273382773779361,
    "mrr_at_1000_diff1": -0.1168174744671679,
    "mrr_at_1": 0.5625,
    "mrr_at_3": 0.71875,
    "mrr_at_5": 0.7328125,
    "mrr_at_10": 0.7328125,
    "mrr_at_100": 0.7352163461538462,
    "mrr_at_1000": 0.7352163461538462,
    "nauc_mrr_at_1_max": 0.28493649333287424,
    "nauc_mrr_at_1_std": -0.20621927654164385,
    "nauc_mrr_at_1_diff1": 0.33132116997131794,
    "nauc_mrr_at_3_max": 0.2330215985245085,
    "nauc_mrr_at_3_std": -0.23406896057396648,
    "nauc_mrr_at_3_diff1": 0.38223984921326365,
    "nauc_mrr_at_5_max": 0.23784495511482937,
    "nauc_mrr_at_5_std": -0.1529103644356277,
    "nauc_mrr_at_5_diff1": 0.36141288153291345,
    "nauc_mrr_at_10_max": 0.23784495511482937,
    "nauc_mrr_at_10_std": -0.1529103644356277,
    "nauc_mrr_at_10_diff1": 0.36141288153291345,
    "nauc_mrr_at_100_max": 0.24253169816915557,
    "nauc_mrr_at_100_std": -0.16619921730862283,
    "nauc_mrr_at_100_diff1": 0.36752391223755926,
    "nauc_mrr_at_1000_max": 0.24253169816915557,
    "nauc_mrr_at_1000_std": -0.16619921730862283,
    "nauc_mrr_at_1000_diff1": 0.36752391223755926,
    "cv_recall_at_1": 0.5625,
    "cv_recall_at_3": 0.90625,
    "cv_recall_at_5": 0.96875,
    "cv_recall_at_10": 0.96875,
    "cv_recall_at_100": 1.0,
    "cv_recall_at_1000": 1.0
  },
  "changed": {
    "ndcg_at_1": 0.16406,
    "ndcg_at_3": 0.19178,
    "ndcg_at_5": 0.22166,
    "ndcg_at_10": 0.24302,
    "ndcg_at_100": 0.39718,
    "ndcg_at_1000": 0.47388,
    "map_at_1": 0.0261,
    "map_at_3": 0.04641,
    "map_at_5": 0.08145,
    "map_at_10": 0.11736,
    "map_at_100": 0.21418,
    "map_at_1000": 0.23395,
    "recall_at_1": 0.0261,
    "recall_at_3": 0.06283,
    "recall_at_5": 0.12439,
    "recall_at_10": 0.21023,
    "recall_at_100": 0.68485,
    "recall_at_1000": 1.0,
    "accuracy": 0.0261,
    "precision_at_1": 0.21875,
    "precision_at_3": 0.23958,
    "precision_at_5": 0.3,
    "precision_at_10": 0.26875,
    "precision_at_100": 0.10031,
    "precision_at_1000": 0.01634,
    "mrr_at_1_max": 0.23419394691405385,
    "mrr_at_1_std": -0.20943599791847378,
    "mrr_at_1_diff1": 0.23427234940863725,
    "mrr_at_3_max": 0.26604317154951285,
    "mrr_at_3_std": -0.20469287486073795,
    "mrr_at_3_diff1": 0.3584960756792765,
    "mrr_at_5_max": 0.31404250966435565,
    "mrr_at_5_std": -0.1873496408602286,
    "mrr_at_5_diff1": 0.4819599710043027,
    "mrr_at_10_max": 0.1773431028885471,
    "mrr_at_10_std": -0.35152836956750283,
    "mrr_at_10_diff1": 0.29162143243427385,
    "mrr_at_100_max": -0.015716914979388253,
    "mrr_at_100_std": 0.040469159424767365,
    "mrr_at_100_diff1": 0.20578324677606508,
    "mrr_at_1000_max": -0.10348439900241459,
    "mrr_at_1000_std": 0.06441437218396748,
    "mrr_at_1000_diff1": 0.038736538178712455,
    "mrr_at_1": 0.21875,
    "mrr_at_3": 0.37500000000000006,
    "mrr_at_5": 0.403125,
    "mrr_at_10": 0.4233382936507937,
    "mrr_at_100": 0.43057477678571426,
    "mrr_at_1000": 0.43057477678571426,
    "nauc_mrr_at_1_max": 0.23419394691405385,
    "nauc_mrr_at_1_std": -0.20943599791847378,
    "nauc_mrr_at_1_diff1": 0.23427234940863725,
    "nauc_mrr_at_3_max": 0.14388942548356892,
    "nauc_mrr_at_3_std": -0.16945938026499524,
    "nauc_mrr_at_3_diff1": 0.3315609112499153,
    "nauc_mrr_at_5_max": 0.18579941167282937,
    "nauc_mrr_at_5_std": -0.126687172289561,
    "nauc_mrr_at_5_diff1": 0.32255112613194287,
    "nauc_mrr_at_10_max": 0.16268259826424009,
    "nauc_mrr_at_10_std": -0.15621654398469992,
    "nauc_mrr_at_10_diff1": 0.32490532513710674,
    "nauc_mrr_at_100_max": 0.16894239460219082,
    "nauc_mrr_at_100_std": -0.1423719611187028,
    "nauc_mrr_at_100_diff1": 0.3205069912425342,
    "nauc_mrr_at_1000_max": 0.16894239460219082,
    "nauc_mrr_at_1000_std": -0.1423719611187028,
    "nauc_mrr_at_1000_diff1": 0.3205069912425342,
    "cv_recall_at_1": 0.21875,
    "cv_recall_at_3": 0.5625,
    "cv_recall_at_5": 0.6875,
    "cv_recall_at_10": 0.84375,
    "cv_recall_at_100": 1.0,
    "cv_recall_at_1000": 1.0
  }
}