{
  "task": "Core17InstructionRetrieval",
  "p-MRR": 0.03316692284198937,
  "original": {
    "ndcg_at_1": 0.45,
    "ndcg_at_3": 0.44416,
    "ndcg_at_5": 0.41565,
    "ndcg_at_10": 0.39624,
    "ndcg_at_100": 0.46424,
    "ndcg_at_1000": 0.67484,
    "map_at_1": 0.02046,
    "map_at_3": 0.04069,
    "map_at_5": 0.05568,
    "map_at_10": 0.0861,
    "map_at_100": 0.26025,
    "map_at_1000": 0.32529,
    "recall_at_1": 0.02046,
    "recall_at_3": 0.04389,
    "recall_at_5": 0.06552,
    "recall_at_10": 0.11982,
    "recall_at_100": 0.50709,
    "recall_at_1000": 1.0,
    "accuracy": 0.02046,
    "precision_at_1": 0.6,
    "precision_at_3": 0.56667,
    "precision_at_5": 0.5,
    "precision_at_10": 0.485,
    "precision_at_100": 0.2505,
    "precision_at_1000": 0.0545,
    "mrr_at_1_max": 0.40279014544375197,
    "mrr_at_1_std": 0.23552983081032963,
    "mrr_at_1_diff1": 0.4406352033244286,
    "mrr_at_3_max": 0.4443181495268678,
    "mrr_at_3_std": 0.4234321275326075,
    "mrr_at_3_diff1": 0.573157909692819,
    "mrr_at_5_max": 0.34606911993066375,
    "mrr_at_5_std": 0.638564876674732,
    "mrr_at_5_diff1": 0.3082228883030588,
    "mrr_at_10_max": 0.5162528487465514,
    "mrr_at_10_std": 0.5065044107865264,
    "mrr_at_10_diff1": 0.44309594687428444,
    "mrr_at_100_max": 0.1374325977615659,
    "mrr_at_100_std": 0.4520713174480903,
    "mrr_at_100_diff1": 0.02809586383830848,
    "mrr_at_1000_max": -0.2613922176684171,
    "mrr_at_1000_std": 0.05609387417992584,
    "mrr_at_1000_diff1": -0.36381387230992157,
    "mrr_at_1": 0.6,
    "mrr_at_3": 0.7083333333333333,
    "mrr_at_5": 0.7208333333333333,
    "mrr_at_10": 0.7363095238095239,
    "mrr_at_100": 0.7363095238095239,
    "mrr_at_1000": 0.7363095238095239,
    "nauc_mrr_at_1_max": 0.40279014544375197,
    "nauc_mrr_at_1_std": 0.23552983081032963,
    "nauc_mrr_at_1_diff1": 0.4406352033244286,
    "nauc_mrr_at_3_max": 0.3212364512244078,
    "nauc_mrr_at_3_std": 0.3121316740264955,
    "nauc_mrr_at_3_diff1": 0.47649939783219625,
    "nauc_mrr_at_5_max": 0.2973084294408389,
    "nauc_mrr_at_5_std": 0.3360428364883486,
    "nauc_mrr_at_5_diff1": 0.45986180693319006,
    "nauc_mrr_at_10_max": 0.328518150558004,
    "nauc_mrr_at_10_std": 0.30320465963843063,
    "nauc_mrr_at_10_diff1": 0.4706777889881819,
    "nauc_mrr_at_100_max": 0.328518150558004,
    "nauc_mrr_at_100_std": 0.30320465963843063,
    "nauc_mrr_at_100_diff1": 0.4706777889881819,
    "nauc_mrr_at_1000_max": 0.328518150558004,
    "nauc_mrr_at_1000_std": 0.30320465963843063,
    "nauc_mrr_at_1000_diff1": 0.4706777889881819,
    "cv_recall_at_1": 0.6,
    "cv_recall_at_3": 0.85,
    "cv_recall_at_5": 0.9,
    "cv_recall_at_10": 1.0,
    "cv_recall_at_100": 1.0,
    "cv_recall_at_1000": 1.0
  },
  "changed": {
    "ndcg_at_1": 0.275,
    "ndcg_at_3": 0.24771,
    "ndcg_at_5": 0.21905,
    "ndcg_at_10": 0.23693,
    "ndcg_at_100": 0.37613,
    "ndcg_at_1000": 0.54849,
    "map_at_1": 0.01298,
    "map_at_3": 0.02502,
    "map_at_5": 0.03204,
    "map_at_10": 0.05507,
    "map_at_100": 0.16609,
    "map_at_1000": 0.20236,
    "recall_at_1": 0.01298,
    "recall_at_3": 0.03089,
    "recall_at_5": 0.04144,
    "recall_at_10": 0.11098,
    "recall_at_100": 0.51386,
    "recall_at_1000": 1.0,
    "accuracy": 0.01298,
    "precision_at_1": 0.35,
    "precision_at_3": 0.33333,
    "precision_at_5": 0.27,
    "precision_at_10": 0.29,
    "precision_at_100": 0.1535,
    "precision_at_1000": 0.0327,
    "mrr_at_1_max": 0.3029863537477751,
    "mrr_at_1_std": -0.07607620805590336,
    "mrr_at_1_diff1": -0.08550332915815144,
    "mrr_at_3_max": 0.2432359469674245,
    "mrr_at_3_std": 0.17793508908752767,
    "mrr_at_3_diff1": 0.24680544723738668,
    "mrr_at_5_max": 0.11911804812553767,
    "mrr_at_5_std": 0.23385151152789135,
    "mrr_at_5_diff1": 0.3084523884448361,
    "mrr_at_10_max": 0.41846496106785347,
    "mrr_at_10_std": 0.2228726362625137,
    "mrr_at_10_diff1": 0.3367491657397109,
    "mrr_at_100_max": 0.19884859306692942,
    "mrr_at_100_std": 0.5154547133797183,
    "mrr_at_100_diff1": 0.0362525569717242,
    "mrr_at_1000_max": -0.24864722890125593,
    "mrr_at_1000_std": -0.09991501138164191,
    "mrr_at_1000_diff1": -0.3707617798922918,
    "mrr_at_1": 0.35,
    "mrr_at_3": 0.4833333333333333,
    "mrr_at_5": 0.4833333333333333,
    "mrr_at_10": 0.5181547619047618,
    "mrr_at_100": 0.5223214285714285,
    "mrr_at_1000": 0.5227887182910547,
    "nauc_mrr_at_1_max": 0.3029863537477751,
    "nauc_mrr_at_1_std": -0.07607620805590336,
    "nauc_mrr_at_1_diff1": -0.08550332915815144,
    "nauc_mrr_at_3_max": 0.04872640166967092,
    "nauc_mrr_at_3_std": -0.05278199411820468,
    "nauc_mrr_at_3_diff1": -0.08252300540745658,
    "nauc_mrr_at_5_max": 0.04872640166967092,
    "nauc_mrr_at_5_std": -0.05278199411820468,
    "nauc_mrr_at_5_diff1": -0.08252300540745658,
    "nauc_mrr_at_10_max": 0.0967213114754101,
    "nauc_mrr_at_10_std": -0.04837422113903356,
    "nauc_mrr_at_10_diff1": -0.06676062814705791,
    "nauc_mrr_at_100_max": 0.09032518877100434,
    "nauc_mrr_at_100_std": -0.04665490412941533,
    "nauc_mrr_at_100_diff1": -0.07779267782056097,
    "nauc_mrr_at_1000_max": 0.09135207909316041,
    "nauc_mrr_at_1000_std": -0.048298788239182176,
    "nauc_mrr_at_1000_diff1": -0.07764575922645701,
    "cv_recall_at_1": 0.35,
    "cv_recall_at_3": 0.65,
    "cv_recall_at_5": 0.65,
    "cv_recall_at_10": 0.9,
    "cv_recall_at_100": 0.95,
    "cv_recall_at_1000": 1.0
  }
}